username|password|mac_address|ip_address|1,15,3,6,44,46,47,31,33,121,249,43|MSFT 5.0
dmoreno0|zayEtTVvgmitte%|bf:7c:0d:4b:9c:08|254.41.48.177|1,3,6,15,119,95,252,44,46|
vfuller1|zay1dQLZqDRmitte%|94:0f:0f:68:3d:77|20.225.10.193|1,121,3,6,15,119,252|
rdunn2|zay6QKaFWmitte%|2c:66:1d:ba:98:a4|150.0.48.149|1,3,6,15,119,252|
shenderson3|zayp6cwncSB9yRHmitte%|fc:a6:63:4c:fd:1c|72.228.69.151||
bramirez4|zay9nKpSGbomitte%|4e:6e:72:6d:dd:3c|19.54.45.18|1,3,6,15,119,252|
ablack5|zaynoIWmehvOjmitte%|b0:50:b7:47:c9:b7|236.77.204.125||
jfoster6|zaybkCYY0Imitte%|fe:95:d6:16:5d:d4|185.163.247.51|1,33,3,6,15,28,51,58,59|dhcpcd-5.5.6
jedwards7|zayLv2QHgmitte%|bd:f6:2d:39:f4:2f|197.186.39.113|1,28,2,3,15,6,119,12,44,47,26,121,42,121,249,33,252,42|
wcook8|zayg8zSRHXLKTPmitte%|7b:a2:00:00:10:98|86.101.199.76|1,15,3,6,44,46,47,31,33,121,249,252,43|MSFT 5.0
njenkins9|zay4DnmnZOHvkhmitte%|3d:ee:92:18:8f:48|115.183.114.44|1,33,3,6,15,28,51,58,59|dhcpcd-5.5.6
cevansa|zayOK9uGENmitte%|14:84:eb:24:84:a4|133.50.110.203|1,33,3,6,15,26,28,51,58,59|dhcpcd-5.5.6
jromerob|zay73tcurqfmitte%|b4:0e:c5:c5:67:3d|199.190.35.149|1,33,3,6,15,26,28,51,58,59|dhcpcd-5.5.6
lsimpsonc|zayPCxgFkC2Ymitte%|d7:09:26:76:c3:cc|68.12.222.233||
mwalkerd|zay0jIX4s7cmitte%|d0:bf:be:37:59:e6|247.254.245.56|1,33,3,6,15,26,28,51,58,59|dhcpcd-5.5.6
egonzalese|zayTFei2ODmitte%|36:52:3b:11:0a:b2|216.161.4.54|1,33,3,6,15,28,51,58,59|dhcpcd-5.5.6
twashingtonf|zayE2mR9iwfd2gHmitte%|b3:2d:62:21:85:a3|46.174.146.72|1,3,6,15,119,252|
pwilliamsg|zay96r7yRJySpmitte%|21:69:d8:f0:32:75|7.236.56.35|1,33,3,6,15,28,51,58,59|dhcpcd-5.5.6
kcolemanh|zayADAhP0mitte%|19:23:39:b5:7e:23|99.74.82.77|1,121,33,3,6,12,15,26,28,42,51,54,58,59,119|dhcpcd-6.9.3:Linux-4.2.3-1-ARCH:x86_64:GenuineIntel
jmasoni|zaye34CNQ0mitte%|03:ba:63:51:7f:66|98.251.98.172|1,33,3,6,15,28,51,58,59|dhcpcd-5.5.6
jcolej|zaystU93987Ymitte%|2b:46:ea:73:ba:05|244.192.26.156|1,3,6,15,119,252|
earnoldk|zay5T9zu5dmitte%|fd:fe:81:57:77:5b|174.184.160.135|1,33,3,6,15,26,28,51,58,59|dhcpcd-5.5.6
kcarpenterl|zayO82fkHSmitte%|41:e8:09:a3:30:1c|47.159.45.229|1,3,6,15,119,95,252,44,46|
psimpsonm|zayqqBTWPC7AQvpmitte%|b9:01:cf:ee:8b:09|244.245.12.163|1,121,3,6,15,119,252|
jricen|zayBUVhIJHkFVXmitte%|7e:66:48:30:42:96|116.220.91.191|1,121,3,6,15,119,252|
kowenso|zay6uAVDXNBmitte%|fa:af:1e:4c:01:15|111.231.78.48|1,15,3,6,44,46,47,31,33,121,249,43|MSFT 5.0
dhughesp|zayiYxzaZ3DAIamitte%|b4:82:1c:68:f4:2c|209.72.239.226||
lmasonq|zayciiHf8rFzEmitte%|05:a8:38:84:2b:f2|16.153.124.73||
mdeanr|zayJpoqjrmitte%|07:59:19:d0:e0:43|252.220.143.155|1,33,3,6,15,26,28,51,58,59|dhcpcd-5.5.6
lmillss|zayQtEHVnRXhghmitte%|26:c9:27:de:39:dc|158.154.18.10|1,15,3,6,44,46,47,31,33,121,249,252,43|MSFT 5.0
wsimpsont|zayT0M0ap4mitte%|e6:81:ef:1b:a7:34|183.63.81.20|1,3,6,15,119,252|
ahudsonu|zayADtsMQKo1mitte%|4d:20:0d:cc:ef:76|238.64.91.111|1,33,3,6,15,28,51,58,59|dhcpcd-5.5.6
dperkinsv|zayua3GZD6vXAmitte%|1c:dc:2b:c7:3f:22|101.226.112.148|1,3,6,15,28,54|
jfreemanw|zay5duNLnvtnmitte%|54:c0:d3:19:a9:16|32.166.248.85|1,3,6,15,119,252|
mhughesx|zayz3IFjmyPVZTcmitte%|cb:30:b3:81:ca:f1|144.142.96.194|1,121,3,6,15,119,252|
ecarrolly|zayZfSdgKBkmitte%|f8:4d:13:32:72:ae|248.49.243.137|1,121,3,6,15,119,252|
ttorresz|zaygrYH12fIFmitte%|e1:40:05:e5:55:64|58.163.229.153|1,15,3,6,44,46,47,31,33,121,249,252,43|MSFT 5.0
mgray10|zayTyUSdfT3v90mitte%|07:cf:61:78:3e:de|168.181.110.125|1,15,3,6,44,46,47,31,33,121,249,252,43|MSFT 5.0
rlittle11|zaySgFwkCkamitte%|11:95:15:05:e4:c9|9.105.148.222|1,33,3,6,15,28,51,58,59|dhcpcd-5.5.6
khart12|zayvx2GRjh5DJvFmitte%|39:b9:37:90:20:36|92.171.69.148|1,121,3,6,15,119,252|
pcoleman13|zay9FixZQ0qmitte%|d5:a9:b9:32:98:98|227.93.140.169|1,33,3,6,15,26,28,51,58,59|dhcpcd-5.5.6
jpeters14|zayiRWTuJmitte%|04:cb:53:b9:2e:cc|220.211.196.74|1,3,6,15,119,252|
emurray15|zayHo2Xb1mitte%|bb:e5:17:34:cc:b3|49.251.32.234||
sflores16|zayUUmHta2mitte%|e6:e4:d7:1e:fc:8a|84.197.162.195|1,15,3,6,44,46,47,31,33,121,249,43|MSFT 5.0
preynolds17|zay2iOVxoQMHmitte%|f1:23:39:78:05:29|234.255.77.229|1,3,6,15,31,33,43,44,46,47,121,249,252|MSFT 5.0
ajacobs18|zayrKT207Hdu8mitte%|48:12:44:90:a2:87|124.210.229.175|1,121,3,6,15,119,252|
awheeler19|zayQzS6jy12JKJVmitte%|76:8a:cd:df:b3:ce|175.109.43.249|1,2,3,6,12,15,28,42,43,66,125|Grandstream GXP2100 dslforum.org
thudson1a|zaybyyRkQmitte%|21:d6:00:3e:bc:3e|102.128.236.49|1,121,3,6,15,119,252|
khoward1b|zayb4YQtPf9mitte%|0d:17:50:71:91:da|81.103.89.118|1,3,6,15,119,252|
lhamilton1c|zayzkL54g0PRmitte%|00:f4:ba:91:40:08|115.168.121.215|1,33,3,6,15,28,51,58,59|dhcpcd-5.5.6
khunt1d|zayjQa9eOPqCDmitte%|d8:6d:bb:ed:1d:24|8.239.191.84|1,15,3,6,44,46,47,31,33,121,249,252,43|MSFT 5.0
wwilson1e|zayv8b2h1RhoZrYmitte%|f7:1f:09:3d:4b:28|157.104.154.87|1,3,6,12,15,28,33,44,121,249,212|udhcp 0.9.8
sgordon1f|zayzGJvmCmitte%|65:82:91:b8:88:b0|191.128.188.149|1,3,6,15,119,95,252,44,46,47|
trussell1g|zay85H1e2Iohmitte%|ff:86:49:9d:65:4c|183.4.249.122|1,33,3,6,15,28,51,58,59|
sdaniels1h|zaystChBLCwvLmitte%|8d:16:ba:c9:53:e3|95.251.112.184|1,33,3,6,15,28,51,58,59|dhcpcd-5.5.6
rknight1i|zay60Nzj6W3mHmitte%|ac:22:ec:57:d6:60|133.166.216.7|1,3,6,15,119,252|
rsanders1j|zayEfed1DRemitte%|ab:04:2e:73:47:93|221.100.46.133|1,33,3,6,15,28,51,58,59|dhcpcd-5.5.6
tdunn1k|zaypgP7iVfoTUWpmitte%|81:00:93:63:92:11|133.255.40.96|1,121,3,6,15,119,252,95,44,46|
dblack1l|zaya1I5rADmitte%|2e:db:ec:5e:95:37|139.227.240.214|1,15,3,6,44,46,47,31,33,121,249,43|MSFT 5.0
bbennett1m|zayEdJ7cO00x5Sxmitte%|73:51:b7:31:99:16|67.227.205.58|1,121,3,6,15,119,252|
agreene1n|zay6RPnVGvmitte%|cd:af:11:63:4c:51|131.55.105.96|58,59,6,15,51,54,1,3|
pwallace1o|zayqgGfOW3Umitte%|66:17:a2:65:f6:5e|78.205.26.230||
pharvey1p|zayi2xfyvmmitte%|b5:45:6a:72:b5:98|24.184.43.104||
jfernandez1q|zayQgPkrK9hXq2mitte%|14:7a:fd:7e:b7:71|159.208.234.251|1,121,3,6,15,119,252|
selliott1r|zaybrWvnAfamitte%|42:a1:5e:7e:24:2d|211.132.5.251||
sriley1s|zayyHsCxGfmitte%|4c:4a:ae:c4:96:4d|29.32.229.36|1,3,6,15,119,252|
bcunningham1t|zayucSUcwrhJmitte%|95:7a:b8:be:84:6a|8.44.224.130|1,3,6,15,119,252|
jhawkins1u|zaylfawrwmitte%|c5:72:00:60:40:5c|250.194.226.205|1,3,6,15,119,252|
adavis1v|zaybWK8TB0smitte%|17:b0:21:3c:84:b4|123.173.122.57|1,3,6,15,119,95,252,44,46|
lmedina1w|zaywxycMtfBvmitte%|98:4f:f4:d2:e7:e7|233.206.108.87||
banderson1x|zayc0rN5PEPmitte%|01:3b:5e:8b:a5:05|78.233.162.194|1,121,3,6,15,119,252|
mmurray1y|zayglavSSnxmitte%|d2:df:99:0d:b4:d7|132.39.110.161|1,15,3,6,44,46,47,31,33,121,249,252,43|MSFT 5.0
hfoster1z|zayT7YUB4Wmitte%|8e:85:c4:e4:bf:12|42.228.60.192|1,3,6,15,119,252|
jlittle20|zayIYy8lso9Pimitte%|8b:fe:bc:22:e8:0e|2.59.46.119|1,33,3,6,15,28,51,58,59|dhcpcd-5.5.6
ccastillo21|zayCRwHTeBmitte%|eb:e5:fa:41:0e:78|88.243.78.111|1,33,3,6,15,28,51,58,59,120|dhcpcd-5.5.6
mwilson22|zay0bquOoyEt9mitte%|42:a5:4c:e8:b1:30|98.124.72.198|1,33,3,6,15,28,51,58,59|dhcpcd-5.5.6
hmcdonald23|zayJsvDa9mitte%|58:e9:d6:ab:34:23|177.139.216.84|1,121,33,3,6,15,28,51,58,59,119|dhcpcd 4.0.15
sdean24|zay1pEKLGDIrusJmitte%|68:b7:76:91:41:1e|134.235.23.2|1,33,3,6,15,28,51,58,59|dhcpcd-5.5.6
jmeyer25|zayo7iVnBumitte%|ee:70:32:a3:89:c8|190.22.81.120|1,3,6,15,119,252|
kmitchell26|zayBDizJdmBIbmitte%|8f:c0:20:54:90:23|105.179.126.43|1,121,3,6,15,119,252|
solson27|zayRemzpy2Ymmitte%|1a:3b:fe:22:1e:6e|205.127.161.148|1,3,6,15,119,252|
hnelson28|zayBw89RTJgALdmitte%|71:06:29:a9:7f:e3|216.5.196.202|1,33,3,6,15,26,28,51,58,59|dhcpcd-5.5.6
calvarez29|zayK7T33L1zFlmitte%|be:56:ca:5f:b6:80|158.79.26.142|1,15,3,6,44,46,47,31,33,121,249,43|MSFT 5.0
eanderson2a|zaybLhyFPamLmitte%|82:f4:f8:63:68:3b|80.206.18.130|1,33,3,6,15,26,28,51,58,59|dhcpcd-5.5.6
briley2b|zayeMXMDbfzYmitte%|f4:f9:f6:fb:c1:72|211.248.156.234|1,33,3,6,15,28,51,58,59|dhcpcd-5.5.6
cwood2c|zayrzNt1KH0mitte%|fc:77:c0:8b:37:b2|146.31.46.193|1,15,3,6,44,46,47,31,33,121,249,43|MSFT 5.0
aporter2d|zay2h84P8amyzFmitte%|5e:13:3d:4a:d8:ad|117.187.93.58|1,15,3,6,44,46,47,31,33,121,249,43|MSFT 5.0
lbradley2e|zayPVxknp8C7Vdmitte%|73:26:dd:c5:25:34|237.8.93.43|1,33,3,6,15,28,51,58,59|dhcpcd-5.5.6
ddiaz2f|zayB1gOjEPlmitte%|cb:ed:b9:f7:03:48|224.118.91.70|1,15,3,6,44,46,47,31,33,121,249,43|MSFT 5.0
tortiz2g|zayh7xTfPvACZmitte%|3e:48:dd:bc:26:c8|89.252.255.188|1,33,3,6,15,26,28,51,58,59|dhcpcd-5.5.6
mfernandez2h|zayOmvgPmpsmitte%|11:4f:72:10:af:7a|175.98.247.181|1,33,3,6,15,28,51,58,59|dhcpcd-5.2.10
jlewis2i|zayFQ8IFYmnmitte%|59:c9:1b:3e:c7:0f|41.137.119.112|1,15,3,6,44,46,47,31,33,121,249,43|MSFT 5.0
jmurphy2j|zayi9W3tSUOmitte%|13:d5:2b:7f:ae:70|181.49.161.126||
mhill2k|zaywC1vTkmitte%|09:81:77:2c:9f:44|158.156.174.80|1,3,6,15|BlackBerry
fwatkins2l|zayPoGHeSp7SVLlmitte%|81:af:f8:2d:81:68|43.153.62.61|1,33,3,6,15,28,51,58,59|dhcpcd-5.2.10
rporter2m|zayvA7w5Dk26DnLmitte%|9a:62:c8:88:c6:34|245.32.189.71|1,3,6,15,119,95,252,44,46|
khawkins2n|zay0o91LEvO4c2mitte%|57:59:2a:58:bf:07|134.113.119.220|1,121,3,6,15,119,252|
jwarren2o|zay8zLfL0o1Bmitte%|96:07:a7:99:b2:d8|106.1.62.204|1,121,3,6,15,119,252,95,44,46|
hlopez2p|zayVFhOZrrmitte%|ae:10:ca:ae:5c:e1|9.78.242.111|1,33,3,6,15,26,28,51,58,59|dhcpcd-5.5.6
kkennedy2q|zaybAWMFXmitte%|11:c4:d9:06:6f:b5|66.146.249.136||
jgordon2r|zayp1CPi0PRFeFmitte%|6e:b7:03:32:28:26|115.206.193.151|1,121,3,6,15,119,252|
lpeterson2s|zayvBWxPhtBmitte%|f5:fd:e2:0d:54:14|247.159.235.101||
joliver2t|zayNgrEKEZmitte%|a1:d0:28:9e:9d:52|0.162.155.224|1,33,3,6,15,28,51,58,59|dhcpcd-5.2.10
jallen2u|zayMZHyCEMmitte%|08:82:9c:86:f1:55|2.39.173.144||
apayne2v|zayRODpurmitte%|ea:db:35:cb:2b:49|106.187.117.209|1,33,3,6,15,28,51,58,59|dhcpcd-5.5.6
jbrown2w|zay3ZBmmMvxBmitte%|26:5b:35:ab:aa:b4|95.160.208.1|1,121,3,6,15,119,252|
slane2x|zay6SDNX3Pmitte%|1d:13:f7:fa:e9:a7|42.179.21.167|1,33,3,6,15,28,51,58,59|dhcpcd-5.5.6
bmccoy2y|zayVs1wW2duJumitte%|d9:76:d2:35:68:18|239.241.59.61||
jchapman2z|zay3QF1Jomitte%|83:b4:ac:ed:af:16|155.18.254.131|1,33,3,6,15,28,51,58,59|dhcpcd-5.2.10:Linux-3.0.15-919244-user:armv7l:SMDK4x12
kharper30|zayEa5Vp0gjLmitte%|12:74:68:a5:58:c8|90.14.208.30|1,3,6,15,119,252|
ckelly31|zayQGjwRqE38Mmitte%|f1:8f:89:6e:1c:5a|69.187.75.251|1,3,6,15,119,252|
bruiz32|zayfI7niGFi4vmitte%|88:41:0f:34:27:64|231.248.243.207||
dwright33|zayIYa4Uzmitte%|bd:53:91:52:4d:22|138.168.1.251|1,3,6,15,119,252|
knguyen34|zay08i60GhNSgmitte%|63:3e:79:f5:ed:b9|129.110.95.24|1,33,3,6,15,26,28,51,58,59|dhcpcd-5.5.6
dmontgomery35|zayaBMQAa7cn6Fzmitte%|fe:84:e3:75:ba:4b|160.115.90.142|1,121,3,6,15,119,252|
bcarter36|zaynHTsrwlXmitte%|50:30:6a:ce:0d:d4|66.25.213.33|1,121,3,6,15,119,252|
jmoreno37|zayfxoW9HJtNh1Qmitte%|63:f7:f5:67:54:dc|238.150.243.178||
cgarrett38|zayjF0Pt3NW1VUHmitte%|39:2c:1d:cf:02:66|54.207.168.253|1,121,3,6,15,119,252|
jmitchell39|zayNKNcElAioK85mitte%|d4:2e:30:ab:47:1a|209.229.1.61|1,3,6,15,119,252|
sparker3a|zay7MwtOPeyimitte%|51:e5:6b:94:61:bf|89.244.62.248|1,15,3,6,44,46,47,31,33,121,249,252,43|MSFT 5.0
tburke3b|zayPWr6Ebo1Kmitte%|4c:bb:4c:77:56:bc|180.138.26.99|1,15,3,6,44,46,47,31,33,121,249,252,43|MSFT 5.0
vwarren3c|zaykwvG7knmitte%|28:14:80:05:47:52|123.31.242.15|1,33,3,6,15,28,51,58,59|dhcpcd-5.2.10
trobertson3d|zayFsjlbC3GsRimitte%|cb:e4:22:97:ba:ed|21.193.252.245|1,121,3,6,15,119,252|
kstephens3e|zayswHGQCurjmitte%|ae:25:b3:8e:76:57|65.23.253.253||
jdiaz3f|zayUFVol8S9EcTCmitte%|ad:3f:72:0b:ba:2c|110.67.139.213|1,33,3,6,15,28,51,58,59|dhcpcd-5.2.10:Linux-3.0.8-perf:armv7l:LGE I BOARD MSM8X60
glong3g|zaymLv519mitte%|92:8f:db:93:a3:91|236.92.159.151|1,121,3,6,15,119,252|
agreen3h|zayc3m0Zf3V9fmitte%|8a:b9:9d:32:10:32|133.154.50.23|1,15,3,6,44,46,47,31,33,121,249,43|MSFT 5.0
jwells3i|zayPA5tqS5vt7mitte%|40:44:8c:a1:7d:0b|226.53.51.157|1,15,3,6,44,46,47,31,33,121,249,43|MSFT 5.0
mcoleman3j|zayk8UJUdOmitte%|51:9e:c7:01:db:75|122.123.87.26|1,121,3,6,15,119,252,95,44,46|
rperkins3k|zayAgY4uhw9YNmitte%|9a:83:73:c3:1a:cd|126.101.223.154|1,121,33,3,6,15,28,51,58,59,119|dhcpcd 4.0.15
sgarcia3l|zayFgs8ywULNgIcmitte%|95:3e:8b:bd:4f:bc|109.157.98.96|1,121,3,6,15,119,252|
rgarrett3m|zayN54JHiD4dmitte%|10:e7:f7:a0:e7:4e|167.212.167.246|1,15,3,6,44,46,47,31,33,121,249,43|MSFT 5.0
rfreeman3n|zayHK83HXaYQmitte%|24:12:79:09:90:27|253.122.248.228||
dsanders3o|zayRZZo5rduofmitte%|72:97:31:38:e1:00|127.48.138.115|1,121,3,6,15,119,252|
awest3p|zay26JrfJmitte%|8f:f5:e4:83:55:5c|84.11.92.14|1,15,3,6,44,46,47,31,33,121,249,43|MSFT 5.0
mwashington3q|zayern7LMmitte%|67:b0:37:71:6a:e6|108.183.201.131||
bwells3r|zayWhanEzWj2Fmitte%|15:04:8f:08:c1:07|34.222.121.125||
bmitchell3s|zay56uL205mitte%|12:70:48:5e:68:8f|90.10.51.92|1,33,3,6,15,26,28,51,58,59|dhcpcd-5.5.6
slynch3t|zaytBXshTKDCmitte%|e5:b6:6a:79:fd:a0|127.156.127.111||
sburns3u|zayONSpWd0LVmitte%|6d:b6:ec:8c:1b:41|197.47.45.155|1,15,3,6,44,46,47,31,33,121,249,252,43|MSFT 5.0
jhawkins3v|zaycTexr5TGTXqmitte%|50:8f:bf:db:cc:d6|115.128.231.90|1,33,3,6,15,28,51,58,59|dhcpcd-5.2.10
jclark3w|zayvEdBRNDMWIqAmitte%|1a:d5:8a:f6:42:ca|40.1.208.88||
eparker3x|zaywZcmOEplJmitte%|c4:d1:f9:38:a1:bb|189.247.40.33||
ichavez3y|zayez2NoCmitte%|9d:d7:78:d6:d9:63|218.126.222.179||
jkim3z|zayoB9vS96cDmitte%|ac:04:38:f0:de:b3|138.1.49.216|1,33,3,6,15,26,28,51,58,59|dhcpcd-5.5.6
mwatkins40|zayVIF90Uf7Hmitte%|0d:3c:85:a6:74:7a|21.230.5.239|1,121,3,6,15,119,252|
rcook41|zaypJeUl2TefZzdmitte%|4c:1f:a5:78:2c:ff|66.254.13.165|1,3,6,15,119,252|
rmason42|zay51TMgpE7M0mitte%|00:a1:a1:55:42:e9|60.176.251.76|1,121,3,6,15,119,252|
lweaver43|zayDZ4BIZwGBNKGmitte%|7f:da:d8:70:9c:df|202.0.32.192||
jdean44|zaywoeuPJY5zLMmitte%|c7:54:59:68:b6:13|104.98.65.80||
kmitchell45|zay5qTseuMCGmitte%|c6:67:97:47:48:94|17.163.29.46|1,3,6,15,119,252|
vreyes46|zayjvD7GsdNwimitte%|70:a8:35:ce:32:d2|236.227.186.50|1,28,2,121,15,6,12,40,41,42,26,119,3,121,249,33,252,42|
tjohnston47|zayvA9wyUTMomitte%|4f:f5:c6:7d:bc:de|236.244.74.238|1,33,3,6,15,28,51,58,59|
dmurphy48|zay4EkxvlUiI7smitte%|de:d3:8f:70:c3:d3|96.195.174.116|1,33,3,6,15,28,51,58,59|dhcpcd-5.5.6
sgilbert49|zaycMa0FKdDqmitte%|4f:17:67:af:e6:60|73.5.187.50|1,33,3,6,15,28,51,58,59|dhcpcd-5.5.6
vjordan4a|zayfa5UVzhQR1sImitte%|12:1c:a1:8d:84:5a|128.236.165.187|1,3,6,15,119,252|
tlong4b|zayYnYuvKxoeADmitte%|93:17:7b:e3:7c:6d|191.0.66.35||
bgilbert4c|zaylOVEWFG9mitte%|9d:34:c0:0f:f0:d8|172.85.8.120|1,15,3,6,44,46,47,31,33,121,249,43|MSFT 5.0
dyoung4d|zayE3rJ2kS1mitte%|d4:9c:5c:5d:ef:70|52.246.198.45|1,3,6,15,119,252|
dwest4e|zayzu5qKYmitte%|17:09:1e:82:83:7c|204.131.247.67|1,33,3,6,15,28,51,58,59|dhcpcd-5.5.6
fsimmons4f|zayzEs4wvFQSmitte%|6a:9f:89:73:29:80|48.79.45.214|1,15,3,6,44,46,47,31,33,121,249,252,43|MSFT 5.0
slane4g|zayMdUPkGq9tLmitte%|5a:ab:43:2a:78:79|169.78.249.39||
gprice4h|zay1xeby2FImitte%|6a:79:3b:e0:5d:21|31.210.96.30|1,33,3,6,15,28,51,58,59|dhcpcd-5.5.6
joliver4i|zay9jxYC5jYQKmitte%|16:26:78:b1:8c:a3|69.58.22.4|1,3,4,6,12,15,28,42,43,66,67,60|ArubaInstantAP
hbradley4j|zayviteTI0Gmitte%|d3:80:bf:3a:34:97|104.16.160.122|1,33,3,6,15,26,28,51,58,59|dhcpcd-5.5.6
chicks4k|zay1PXx7iZszXImitte%|af:74:76:d8:85:9e|137.83.176.231||
fpatterson4l|zayU1scofmitte%|fb:f4:05:06:ef:3d|23.2.38.126|1,15,3,6,44,46,47,31,33,121,249,43|MSFT 5.0
hmoreno4m|zayP75MPZmitte%|8c:15:df:0e:f9:e3|75.92.83.157|1,121,3,6,15,119,252|
bhoward4n|zayocui2fmitte%|96:95:d0:b7:f3:f2|249.171.172.11||
rgray4o|zayjdiJHo4tGMmitte%|f6:0c:f6:7c:1c:ba|10.37.22.90|1,33,3,6,15,28,51,58,59|dhcpcd-5.5.6
wcruz4p|zayCPsHkBOmitte%|8d:d5:4a:13:80:da|219.204.122.53|1,15,3,6,44,46,47,31,33,121,249,43|MSFT 5.0
dhart4q|zayi9mcm8Amitte%|92:22:63:d4:51:50|160.112.56.166|1,33,3,6,15,28,51,58,59|dhcpcd-5.2.10
mknight4r|zayqGhWvgmitte%|f6:e5:61:d4:d7:e3|119.158.108.199||
dvasquez4s|zaytRfxOd7lSmitte%|7c:e2:22:bc:15:c0|219.148.192.243|1,33,3,6,15,26,28,51,58,59|dhcpcd-5.5.6
sgraham4t|zayExE3Zn1P2mitte%|39:0f:e6:a0:a0:25|17.232.105.171|1,3,6,15,31,33,43,44,46,47,121,249,252|MSFT 5.0
lchapman4u|zayo9hDgUo87mitte%|a8:8c:3b:fc:ca:ac|116.127.89.109||
lruiz4v|zayuuKsJrMJmitte%|c4:bf:4f:f6:44:df|167.251.76.89||
ccrawford4w|zay3t4V0mFNmitte%|c4:d2:91:67:65:ef|134.153.226.130|1,15,3,6,44,46,47,31,33,121,249,43|MSFT 5.0
arose4x|zayd63XUrmitte%|20:06:6f:fc:5e:73|68.168.49.166|1,121,3,6,15,119,252|
pjohnson4y|zaysBdYmVMGpZVmitte%|0f:6a:4c:42:ea:da|207.242.152.225||
jcoleman4z|zayBL441q05jM4mitte%|8d:9b:a7:49:17:df|249.140.184.68|1,33,3,6,15,26,28,51,58,59|dhcpcd-5.5.6
lhudson50|zayHoJSsymitte%|d0:b4:94:39:42:82|190.235.185.46|1,33,3,6,15,28,51,58,59|dhcpcd-5.5.6
cpierce51|zayGWglLgYmitte%|79:ca:72:c0:ef:41|105.3.84.23|1,121,3,6,15,119,252|
swatkins52|zayzpzkqBWmitte%|6b:27:dc:b0:26:80|126.86.242.230|1,33,3,6,15,28,51,58,59|dhcpcd-5.2.10
tcarpenter53|zaygTVBwimitte%|53:6c:7d:0f:b5:74|76.142.50.138|1,3,6,15,119,95,252,44,46|
lfox54|zayoXNznOmitte%|7e:4b:bc:c6:24:6c|5.36.187.147|1,121,3,6,15,119,252|
karmstrong55|zayPHYfLDfzpmitte%|f3:e3:10:48:c5:f7|92.11.83.220|1,121,3,6,15,119,252|
cphillips56|zay2dZ1Hu19PCIgmitte%|df:ca:c2:8c:49:32|220.240.224.157|1,33,3,6,15,28,51,58,59|dhcpcd-5.5.6
treid57|zayGyf9ygRA2wsmitte%|14:69:48:9a:e4:08|44.16.238.43||
pbell58|zayD3rYppymitte%|7b:80:2f:97:27:25|31.245.71.92|1,33,3,6,15,28,51,58,59|dhcpcd-5.5.6
shicks59|zay83Njuamitte%|28:84:2b:ac:95:ad|24.153.86.221||
hwatkins5a|zayGcVWOqmitte%|68:16:05:39:b6:d2|35.103.63.44|1,3,6,15,119,252|
jcox5b|zayT7Oo1pFw6BXmitte%|25:1b:ac:cf:4e:e4|161.172.22.71|1,3,6,15,119,95,252,44,46|
fgarza5c|zayFDCZFo8mitte%|be:3b:d9:9b:59:ef|246.135.172.54||
tlarson5d|zayYkmNAXKjPmitte%|a1:74:10:5c:dc:51|116.32.243.107|1,121,3,6,15,119,252|
lfranklin5e|zaynbTZ2Zmitte%|f1:4d:f2:83:e4:ba|217.9.194.146||
crivera5f|zayKJ1zlxmitte%|c0:8d:c9:65:b8:64|24.183.226.243||
aclark5g|zayw90zGkxikmitte%|6b:b9:11:00:b0:8d|223.221.91.48|1,3,6,15,119,252|
jhayes5h|zayamEtHImitte%|e3:ae:2b:1f:68:d2|95.199.252.61|1,3,6,15,119,95,252,44,46|
pbaker5i|zayQEbfp3vTemitte%|4c:b4:db:7f:f7:3e|200.180.4.243|1,121,3,6,15,119,252|
kramirez5j|zayPzYz7XhFNXjmitte%|65:87:ef:ab:6d:24|68.71.201.106|1,3,6,15,26,28,51,58,59|android-dhcp-6.0
tbaker5k|zayvNp7FtCfBxmitte%|6b:1c:02:a6:dc:40|74.221.142.54|1,121,3,6,15,119,252|
psanders5l|zayldSVrUT8zxlmitte%|e5:25:38:c3:80:ba|53.130.165.47|1,15,3,6,44,46,47,31,33,121,249,43|MSFT 5.0
lgardner5m|zayMTEJKrMmitte%|73:c3:22:e3:bc:7d|12.236.108.231|1,15,3,6,44,46,47,31,33,121,249,43|MSFT 5.0
tfranklin5n|zayicM4xHXmitte%|bf:f6:40:22:8a:40|238.33.159.218|1,15,3,6,44,46,47,31,33,121,249,43|MSFT 5.0
jcoleman5o|zayoZg1eETOmitte%|db:fc:7f:0c:0b:52|92.67.42.94|1,33,3,6,15,26,28,51,58,59|dhcpcd-5.5.6
clarson5p|zayXirhZfmitte%|29:40:73:56:2d:f2|194.211.194.227||
cbarnes5q|zayHTELSHxQIkmitte%|37:4f:fd:5f:93:e8|235.240.194.18|1,121,3,6,15,119,252|
dalexander5r|zayCYKpuhfke8Uzmitte%|6d:61:66:cb:8d:d1|67.44.171.55|1,3,6,15,119,252|
smorales5s|zay17YTz8J62mitte%|40:10:48:b2:30:bd|12.104.5.225|1,33,3,6,15,28,51,58,59|dhcpcd-5.5.6
areid5t|zayI3lp4MVJmitte%|dd:de:5f:ee:0a:58|48.100.114.69||
hgibson5u|zayolZsXxxkmitte%|26:21:d8:99:2f:f9|174.57.37.184|1,121,3,6,15,119,252|
ajohnson5v|zay611TnD26MSmitte%|c2:47:df:35:4d:03|119.152.243.169|1,121,3,6,15,119,252|
shicks5w|zayn5nWxRmitte%|65:ee:e0:7a:dc:ff|193.141.180.169|1,33,3,6,15,26,28,51,58,59|dhcpcd-5.5.6
bnguyen5x|zayNWmnkvq1c7mitte%|29:3e:cf:f8:db:6a|20.177.233.154|1,33,3,6,15,28,51,58,59|dhcpcd-5.5.6
vharris5y|zaylEVVw7Ay0aNmitte%|d4:e9:43:73:d4:de|146.93.224.226|1,121,3,6,15,119,252|
rreid5z|zay4zNyUJmitte%|29:ac:00:22:56:1e|11.51.213.2|1,121,3,6,15,119,252|
jjones60|zaynkxPdjw6fwmitte%|08:a3:67:e8:ed:e8|174.36.63.41|1,15,3,6,44,46,47,31,33,121,249,43|MSFT 5.0
kcarter61|zayW3Qe9BD3Xmitte%|3f:97:ad:89:17:52|109.54.93.163|1,3,6,15,119,252|
jcollins62|zayNQAui8mitte%|0e:51:4c:80:71:5f|134.71.248.169|1,121,3,6,15,119,252|
sjohnson63|zay535yZBjmitte%|14:d5:4d:b1:4b:1c|47.81.161.96|1,121,3,6,15,119,252|
dperry64|zayXhGGhu72Zmitte%|24:4b:ba:1e:0f:12|62.25.180.50|1,121,3,6,15,119,252|
plynch65|zaysvuIL6Dmitte%|96:ea:82:fd:32:ef|221.177.123.130|1,3,6,15,31,33,43,44,46,47,121,249,252|MSFT 5.0
afisher66|zaytKCTDc8Hpmitte%|cb:71:43:53:9d:2b|242.249.245.197|1,15,3,6,44,46,47,31,33,121,249,43|MSFT 5.0
wweaver67|zay2cPP5TGrmitte%|70:a7:0b:08:fa:71|210.164.87.167|1,15,3,6,44,46,47,31,33,121,249,252,43|MSFT 5.0
kjacobs68|zaycjZaJDgRz1Uhmitte%|05:81:0c:ff:e0:5a|32.216.243.145||
cdean69|zayEEB1m5QoMCumitte%|79:ce:58:cc:4e:b1|61.68.125.212|1,33,3,6,15,26,28,51,58,59|dhcpcd-5.5.6
agriffin6a|zayGeOoYD8Tlpmitte%|59:96:05:16:7a:79|4.78.211.93|1,121,3,6,15,119,252,95,44,46|
dfoster6b|zayd9FoeGmmitte%|fc:94:58:2b:22:35|92.182.177.189||
polson6c|zay3f7c4Mmitte%|04:25:61:1a:7d:ef|221.231.33.238|1,121,3,6,15,119,252|
bhamilton6d|zayQBvYWmEBomitte%|9d:c5:b5:f3:31:b2|87.102.159.225|58,59,6,15,51,54,1,3|
twalker6e|zayXjfK6Tmitte%|ba:b6:5a:fc:0c:85|105.155.232.254|1,3,6,15,119,252|
rberry6f|zayrj6mQCmitte%|68:bf:a2:50:4b:70|239.204.123.191|1,33,3,6,15,26,28,51,58,59|dhcpcd-5.5.6
hjohnson6g|zay7MUqzzmnMmitte%|7b:19:ef:64:e8:fd|189.247.233.135|1,15,3,6,44,46,47,31,33,121,249,43|MSFT 5.0
dgibson6h|zayzBAqVlpxwmitte%|25:42:d3:f1:ea:f8|40.75.236.43||
jward6i|zaykLKxRONmitte%|4b:55:3c:e9:54:f8|114.32.199.148|1,33,3,6,15,28,51,58,59|dhcpcd-5.5.6
hhenderson6j|zayhcRIOB1nGtmitte%|48:c2:80:57:5a:fb|156.101.107.117|1,15,3,6,44,46,47,31,33,121,249,43|MSFT 5.0
tortiz6k|zays0nlugbKgNAmitte%|f3:0f:40:43:19:c0|32.228.19.128|1,33,3,6,15,26,28,51,58,59|dhcpcd-5.5.6
brichards6l|zaycoA5beXwrCmitte%|0a:b3:20:83:0b:66|104.205.69.20|1,3,6,15,119,252|
eblack6m|zayQ01C2Izmitte%|ef:ef:11:03:9a:b1|184.80.44.112|1,3,6,15,119,95,252,44,46|
mlawson6n|zayPUSNnjfUU5mitte%|5f:4e:92:05:94:70|137.84.108.16||
aking6o|zayHJU5DuHfRhmitte%|3e:b8:b5:d1:6d:91|60.223.162.77|1,3,6,15,119,95,252,44,46|
jflores6p|zaymz45tuLmitte%|36:ff:5a:9f:93:75|17.207.177.84|1,33,3,6,15,28,51,58,59|dhcpcd-5.2.10
agrant6q|zaytaCekMz8mitte%|69:a0:de:df:1e:f7|0.29.86.72|1,33,3,6,15,28,51,58,59|dhcpcd-5.2.10:Linux-3.0.8-1133914:armv7l:Espresso
jmccoy6r|zayd9g2GJ7mitte%|de:30:43:18:05:f1|71.196.50.99|1,3,6,15,119,252|
pmyers6s|zaye2Ye1tMmitte%|65:3e:cb:dc:6a:62|28.126.217.4|1,3,6,15,119,252|
cstevens6t|zay8Ljdyjd2cR6mitte%|9b:05:d0:ba:25:63|57.46.81.135||
whayes6u|zayjdTo1OSCGmitte%|3c:7a:97:f9:c4:20|189.218.176.50|1,15,3,6,44,46,47,31,33,121,249,43|MSFT 5.0
mscott6v|zayw1RN9cKumitte%|30:98:e7:c2:fd:2f|34.248.61.165|1,3,6,15,119,252|
sharrison6w|zay0CXow1fmitte%|c0:36:48:ac:97:84|27.219.178.218||
loliver6x|zayKQT3nYBDBmitte%|87:a6:30:7a:d1:73|205.226.164.244||
twillis6y|zay7JjgSZk04AKQmitte%|4c:b1:b0:99:1d:9a|41.118.171.249|1,121,3,6,15,119,252,95,44,46|
npowell6z|zay2OfEKrY5xknmitte%|59:34:8b:00:a6:31|95.35.191.22|1,121,3,6,15,119,252|
bcook70|zayoINYJEHWGEmitte%|8c:1d:fb:74:4d:e7|115.134.241.5|1,33,3,6,15,28,51,58,59|dhcpcd-5.5.6
rreynolds71|zayMgS4XPmitte%|72:18:9c:41:a9:4b|165.51.178.10|1,3,6,15,119,95,252,44,46|
sboyd72|zayA6JK2Jlmitte%|43:aa:7f:79:3a:a9|244.19.151.145||
grice73|zayHgZuzCjPmitte%|0b:96:5d:11:89:6a|179.24.139.218||
tlewis74|zayjYUvgw7aJ5mitte%|a3:a5:d5:cc:e2:25|175.209.130.141|1,33,3,6,15,26,28,51,58,59|dhcpcd-5.5.6
ahawkins75|zayRKPO6Nmitte%|ca:1e:0b:b6:7e:86|70.24.146.173|1,33,3,6,15,28,51,58,59|dhcpcd-5.2.10
jhunt76|zayr9Ub8aMmitte%|42:69:4f:ab:68:77|144.57.161.141|1,33,3,6,15,28,51,58,59|dhcpcd-5.5.6
thawkins77|zayRVHwx3Somitte%|67:ce:56:83:d8:41|230.34.93.152|1,3,6,15,119,252|
lgonzalez78|zayxZJ4bM4Y5vQmitte%|64:08:df:12:6b:8f|53.117.35.85|1,121,3,6,15,119,252|
hford79|zayi2D3724sSmitte%|49:03:01:39:b5:e2|140.143.21.221|1,121,3,6,15,119,252|
rhernandez7a|zaygxVV1Tmitte%|a3:d6:24:d1:54:0a|213.26.172.164|1,3,6,15,119,252|
agrant7b|zayFkt5Aq1JRmitte%|7c:53:2d:79:89:91|100.62.254.117|1,121,3,6,15,119,252|
srose7c|zayyKbjl3mitte%|bd:30:17:92:0a:dd|87.231.134.147|1,3,6,15,119,252|
lowens7d|zayAJD21GkQuCmitte%|52:3f:42:bc:0d:a3|247.231.10.237||
jdixon7e|zayiwQR8ADcmitte%|48:df:47:0d:91:d2|41.253.55.3|1,33,3,6,15,26,28,51,58,59|dhcpcd-5.5.6
dramirez7f|zayqzmMm9YPmitte%|70:2d:76:f4:57:28|44.68.71.72|1,15,3,6,44,46,47,31,33,121,249,252,43|MSFT 5.0
jking7g|zayoKplrvOFFWCzmitte%|f9:ba:5f:d2:9c:1b|43.206.196.137|1,3,6,15,119,252|
madams7h|zay9glhbfD3mitte%|80:1e:fc:df:ea:24|227.194.47.23|1,3,6,15,119,252|
sbryant7i|zay6GQsN4IIW5mitte%|b9:69:aa:3f:b4:e2|2.104.33.84|1,33,3,6,15,28,51,58,59|dhcpcd-5.5.6
hharper7j|zayWJ4LzPmitte%|8c:3a:ef:73:b1:f7|24.174.43.247|1,33,3,6,15,28,51,58,59|dhcpcd-5.5.6
dgreene7k|zayAUQS2RPmitte%|7a:d0:b6:d7:b2:8c|220.103.254.252|1,33,3,6,15,28,51,58,59|dhcpcd-5.5.6
agriffin7l|zay3TpCh6S48shhmitte%|70:bf:d8:1b:75:2a|134.104.220.211||
gmarshall7m|zayWveZWlYPGl3mitte%|cc:4c:f4:7c:0c:9b|38.6.177.17|1,33,3,6,15,26,28,51,58,59|dhcpcd-5.5.6
gperkins7n|zayvGrE2dhx7Imitte%|ec:ad:8e:46:30:56|118.63.32.191|1,121,3,6,15,119,252|
pnichols7o|zayzRdjP0aw0Pmitte%|cc:fa:2d:1f:f2:ae|19.120.41.26|1,33,3,6,15,26,28,51,58,59|dhcpcd-5.5.6
ewebb7p|zaykTYCFKmitte%|56:c8:be:43:b3:26|226.102.163.182|1,121,3,6,15,119,252|
lvasquez7q|zayXjQi1mqjmitte%|9b:ee:0d:56:dd:7f|0.183.9.87|1,3,6,15,119,252|
panderson7r|zayTpfj7kUE0mitte%|9d:9f:13:9f:11:59|1.213.48.124|1,121,3,6,15,119,252|
efox7s|zayhCp2Pdmitte%|82:6f:2b:88:3a:0b|77.13.213.218|1,121,3,6,15,119,252|
jfrazier7t|zayPtRM1M0Wdmitte%|d8:4f:90:8e:16:ec|121.146.138.75|1,121,3,6,15,119,252|
rblack7u|zay1GNZDU7amitte%|ee:93:d9:29:51:fd|174.86.23.93|1,15,3,6,44,46,47,31,33,121,249,252,43|MSFT 5.0
jhicks7v|zayJdRMZRomitte%|07:82:97:29:11:d0|138.147.217.59|1,15,3,6,44,46,47,31,33,121,249,43|MSFT 5.0
sjacobs7w|zaySkVbO6jul46tmitte%|7e:92:90:be:40:2b|112.231.203.58|1,3,6,15,31,33,43,44,46,47,121,249,252|MSFT 5.0
dhoward7x|zayaEIzAXTZbmitte%|1c:2a:9b:6d:43:e9|127.179.144.123|1,3,6,15,119,95,252,44,46|
jrobinson7y|zayTJTlM77Yn34mitte%|b1:61:4f:6a:5c:96|128.154.167.34|1,33,3,6,15,28,51,58,59|dhcpcd-5.5.6
acruz7z|zayWviybsHSBYSEmitte%|9f:20:82:1a:09:ef|194.103.138.17|1,121,3,6,15,119,252|
pwalker80|zaybbMdnImitte%|79:f5:b0:e0:2c:7c|189.218.164.11|1,33,3,6,15,26,28,51,58,59|dhcpcd-5.5.6
bmccoy81|zayq3glkLYEmitte%|f9:3b:eb:67:10:ef|65.11.135.153|1,3,6,15,119,252|
rwagner82|zayH3W9MwQTELOmitte%|90:5c:c3:19:05:79|253.5.232.200|1,33,3,6,15,26,28,51,58,59|dhcpcd-5.5.6
jbowman83|zayTKyLmAmitte%|da:4f:f4:b5:39:6c|43.84.98.169|1,3,6,15,119,252|
jdaniels84|zay0nDFonOGTomitte%|0f:8f:88:2e:5c:da|108.128.82.95|1,121,3,6,15,119,252|
hgrant85|zayImoYLedmitte%|b2:5d:5e:26:67:0e|238.152.29.59|1,121,3,6,15,119,252|
jcarpenter86|zayWAUkWqUsLelmitte%|02:4f:fd:2b:0f:10|0.55.22.61|1,33,3,6,15,28,51,58,59|dhcpcd-5.5.6
landrews87|zaypi0bJ3Vmitte%|ab:cf:49:a1:2d:0c|164.196.68.141|1,33,3,6,15,28,51,58,59|dhcpcd-5.5.6
hmeyer88|zayUgPlm6dBmitte%|5a:2f:f4:4b:a3:13|157.176.132.227|1,3,6,15,119,95,252,44,46|
cjones89|zayRhugE3bUPmitte%|61:0c:97:41:d6:26|73.234.237.210|1,33,3,6,15,26,28,51,58,59|dhcpcd-5.5.6
jlawson8a|zayXPgw8A5mitte%|ea:5b:85:23:2a:c3|45.162.148.26|1,15,3,6,44,46,47,31,33,121,249,43|MSFT 5.0
sboyd8b|zayScJORGjaXXjWmitte%|d3:96:59:11:6f:33|254.103.36.211|1,3,6,15,31,33,43,44,46,47,121,249,252|MSFT 5.0
staylor8c|zayGL0vLBKELQAmitte%|93:ed:bb:e9:e1:a2|109.16.244.242||
emoreno8d|zaytaC6kDxmYYmitte%|1e:ae:fc:17:27:fa|179.179.157.180|1,33,3,6,15,28,51,58,59|dhcpcd-5.5.6
lchapman8e|zayOyH8orKemitte%|d4:f1:f0:07:6c:2c|213.85.111.77|1,121,3,6,15,119,252|
dcampbell8f|zayGBDo2Qmitte%|ce:cf:be:4a:81:68|236.2.76.81|1,33,3,6,15,28,51,58,59|dhcpcd-5.5.6
ddixon8g|zayEDmekCUWx9vdmitte%|dd:29:58:d9:11:8c|168.208.72.210|1,15,3,6,44,46,47,31,33,121,249,43|MSFT 5.0
scollins8h|zayfN83wAYqnITmitte%|2f:97:56:32:9c:df|188.44.239.74|1,15,3,6,44,46,47,31,33,121,249,43|MSFT 5.0
lpowell8i|zay0PBZxeay9TFmitte%|e4:5e:4c:19:c9:fc|97.6.125.126|1,33,3,6,15,26,28,51,58,59|dhcpcd-5.5.6
promero8j|zayvcn3tQmitte%|db:21:ad:b6:ae:63|130.240.181.122||
jmitchell8k|zayhW7WnY0Mutu2mitte%|45:c6:43:54:86:a6|194.232.46.193|1,3,6,15|
jarmstrong8l|zayk1fQYcEPQmitte%|13:39:23:b8:37:a3|239.27.14.69|1,3,6,15,119,95,252,44,46|
ghudson8m|zayZMzq8Mgnxmitte%|98:dc:d0:af:fd:be|73.208.117.93||
wlawson8n|zayG6h00q1Omitte%|f9:33:05:1a:ad:8b|228.37.10.132|1,15,3,6,44,46,47,31,33,121,249,43|MSFT 5.0
dkelley8o|zayg3q6fwQloKmitte%|07:bb:ee:80:fb:33|223.20.127.195|1,15,3,6,44,46,47,31,33,121,249,43|MSFT 5.0
ffisher8p|zayqn37Qxnmitte%|b4:ce:f9:8f:8f:2e|202.9.48.55|1,121,3,6,15,119,252|
mferguson8q|zayggCJ3SV1Wlmitte%|e2:74:a4:2a:18:e8|108.244.180.38|1,33,3,6,15,28,51,58,59|dhcpcd-5.2.10:Linux-3.0.21-perf:armv7l:QRD MSM8225 SKU5
dberry8r|zayqrTa2I4nzUmitte%|ff:d1:cc:ff:66:21|59.78.165.13|1,121,3,6,15,119,252,95,44,46|
anichols8s|zayBDkep79mitte%|e6:c3:62:62:28:56|38.188.218.249||
rstephens8t|zay9tOi55aAdymitte%|c9:21:6b:07:a3:55|42.233.20.212|1,33,3,6,15,28,51,58,59|dhcpcd-5.5.6
jromero8u|zaypm5Bby8Tmitte%|b0:22:63:ec:5a:e1|166.66.192.177|1,33,3,6,15,28,51,58,59|dhcpcd-5.5.6
iperkins8v|zay2bEL3YBjRmitte%|21:c8:ec:75:ec:a4|163.98.155.218|1,121,3,6,15,119,252|
fkim8w|zay0VrYEzSNmitte%|7f:8b:63:58:70:3c|12.36.66.5|1,3,6,15,119,252|
rharvey8x|zaynyG9xoRmitte%|4b:a0:d2:07:16:a1|139.129.54.31|1,15,3,6,44,46,47,31,33,121,249,43,0,176,112|MSFT 5.0
rchapman8y|zayDze6vdGWmitte%|c8:56:29:7e:4f:c6|131.9.31.103|1,33,3,6,15,28,51,58,59|dhcpcd-5.2.10
pharvey8z|zay3SAWEWDxaM37mitte%|2a:cd:06:cf:70:3d|59.36.238.210|1,15,3,6,44,46,47,31,33,121,249,43|MSFT 5.0
emurray90|zayoP5YK28ppgmitte%|a2:c5:ea:15:65:0f|156.208.96.40|1,3,6,15,119,252|
hdean91|zaykvtic3eqeqmitte%|a3:be:46:d0:ae:9a|221.121.230.233|1,3,6,15,31,33,43,44,46,47,121,249,252|MSFT 5.0
mcarter92|zayXwEeT1mitte%|81:4a:db:1d:91:83|161.250.245.123|1,121,3,6,15,119,252|
nphillips93|zaywnvZR1FFrcmitte%|62:dc:80:5e:00:79|199.189.144.99|1,15,3,6,44,46,47,31,33,121,249,252,43|MSFT 5.0
aevans94|zayWczzexUmitte%|ec:b5:0c:3f:9e:37|195.121.11.35||
pcollins95|zay4BvVrebOA4emitte%|94:a9:77:47:6d:ea|160.187.146.128|1,15,3,6,44,46,47,31,33,121,249,43|MSFT 5.0
ckennedy96|zayMyRex3yumitte%|27:90:c3:bd:b1:31|247.36.17.154|1,33,3,6,15,28,51,58,59|dhcpcd-5.5.6
hstanley97|zayoLA1ZoAmitte%|a6:b5:10:c4:a1:bd|243.9.239.46|1,33,3,6,15,28,51,58,59|dhcpcd-5.5.6
dturner98|zayACR6cHbmitte%|e2:b7:bf:9b:af:e8|27.21.152.61|1,121,3,6,15,119,252|
dweaver99|zaydd49pkMi4wPmitte%|49:0d:93:e0:61:a0|113.106.49.137|1,33,3,6,15,26,28,51,58,59|dhcpcd-5.5.6
achapman9a|zay5KONnOjCmitte%|75:17:b7:d1:b8:49|247.129.65.26|1,33,3,6,15,26,28,51,58,59|dhcpcd-5.5.6
kfoster9b|zay0DgaD5YQLrr8mitte%|2f:7f:00:eb:dc:61|194.2.13.151|1,3,6,15,119,95,252,44,46|
kharris9c|zayxYWwGbzLamitte%|ca:4b:88:80:52:45|82.102.63.0|1,33,3,6,15,28,51,58,59|dhcpcd-5.5.6
bgarrett9d|zaynzzGKiH8EzMGmitte%|94:98:21:0b:5f:0b|45.25.104.88||
scook9e|zayY8211TEoNmitte%|35:ac:73:45:b8:bd|1.41.183.215|1,121,3,6,15,119,252,95,44,46|
lrichardson9f|zayhm6bH3mitte%|ed:15:4a:4b:bd:70|1.173.243.131|1,3,6,15,26,28,51,58,59|android-dhcp-6.0
jcunningham9g|zayUlkBtUXJDqmitte%|12:24:ca:b1:ca:64|208.92.171.114||
jgreen9h|zayebLiw6mlmitte%|8e:42:50:24:e8:9e|167.223.178.254|1,33,3,6,15,26,28,51,58,59|dhcpcd-5.5.6
mlewis9i|zayn7nxBpKmitte%|77:43:4b:f4:2f:1d|149.176.116.99|1,33,3,6,15,26,28,51,58,59|dhcpcd-5.5.6
jscott9j|zayCG2EtfTw2mitte%|ad:7e:14:b2:b3:f7|55.158.109.254|1,33,3,6,15,28,51,58,59|dhcpcd-5.5.6
mking9k|zayjP1Y3WC6gUmitte%|8f:eb:3d:6d:2c:bf|133.57.41.125|1,3,6,15,119,252|
jperez9l|zayzkbTXfdSXDOmitte%|28:59:9a:40:bb:b6|120.93.141.7|1,15,3,6,44,46,47,31,33,121,249,252,43|MSFT 5.0
jjones9m|zayvulIwjmitte%|13:e9:d0:5b:08:3b|69.232.167.30|1,3,6,15,119,252|
ahenderson9n|zayY1fX2EgDamitte%|b4:8b:a2:1d:44:40|40.73.192.92|1,3,6,15,28,54|
rcampbell9o|zayjhGmGzN5mitte%|ea:69:43:88:c8:5b|112.30.190.22|1,33,3,6,15,28,51,58,59|
dperez9p|zaykRIolc3mitte%|12:95:a5:c8:27:b2|11.243.207.48||
clawson9q|zayO1izSxyIN7amitte%|22:b2:75:1c:71:53|51.123.181.196|1,121,3,6,15,119,252|
dhamilton9r|zayNPKnzifUZmitte%|d3:05:14:93:eb:ad|238.241.207.17|1,15,3,6,44,46,47,31,33,121,249,252,43|MSFT 5.0
dgarrett9s|zayHgEnjtmitte%|5e:66:da:9a:79:17|155.233.11.2|1,33,3,6,15,28,51,58,59|dhcpcd-5.5.6
acastillo9t|zay0Hif1uDmitte%|78:48:3d:d4:be:38|5.235.235.23|1,3,6,15,119,252|
rryan9u|zaycMdP2Xmitte%|bf:15:b4:12:f9:95|91.81.203.24||
bgutierrez9v|zayLSodx1ug7mitte%|76:ec:52:1b:91:c9|229.122.72.44|1,33,3,6,15,28,51,58,59|dhcpcd-5.5.6
tcarroll9w|zaywKt4wLgSmitte%|e7:ff:c1:e5:5f:f5|65.54.119.248|1,3,6,15,119,95,252,44,46,47|
nrussell9x|zaye9pvjjqbamitte%|0c:63:e1:c0:70:56|92.234.172.176|1,33,3,6,15,28,51,58,59|dhcpcd-5.2.10
jalexander9y|zayoeiRSgWmitte%|3c:6c:17:9c:2c:81|226.233.97.76|1,3,6,15,31,33,43,44,46,47,121,249,252|MSFT 5.0
gmitchell9z|zayaoAohz3uAmitte%|61:d8:74:2a:bf:43|33.157.137.220|1,15,3,6,44,46,47,31,33,121,249,43|MSFT 5.0
bcolea0|zay2anyWumitte%|b5:03:80:ce:04:1c|194.235.187.225|1,15,3,6,44,46,47,31,33,121,249,252,43|MSFT 5.0
mbowmana1|zaylw3E4NFmitte%|6f:08:dc:62:39:6e|8.80.186.166|1,15,3,6,44,46,47,31,33,121,249,43|MSFT 5.0
mmitchella2|zayMoRC0NWFgMmitte%|54:4e:04:f1:c9:e8|165.83.11.55|1,121,3,6,15,119,252|
msimpsona3|zayBd9BcLYji1mitte%|bc:6e:3b:70:1e:6d|88.156.94.245||
dbishopa4|zaySLcXrhzYMmitte%|ae:24:b4:53:0d:85|17.185.151.134|1,33,3,6,15,26,28,51,58,59|
vrichardsa5|zayDdeumzmitte%|03:28:16:8a:4b:0b|35.94.76.190|1,33,3,6,15,28,51,58,59|dhcpcd-5.5.6
rcarpentera6|zayabZuDfC30yxmitte%|46:fd:bb:03:71:1b|220.207.153.130|1,33,3,6,15,28,51,58,59|dhcpcd-5.5.6
rreyesa7|zaytJMEzhhOmitte%|33:72:8d:3f:2c:9d|56.224.210.74|1,3,6,15,119,252|
fsnydera8|zayUeSBRDnMbmitte%|60:82:63:3e:57:ff|246.238.39.37|1,121,33,3,6,12,15,26,28,42,51,54,58,59,119|dhcpcd-6.9.4:Linux-4.2.5-1-ARCH:x86_64:AuthenticAMD
clittlea9|zay8fTZLLujZJmitte%|3b:7a:17:70:87:80|76.146.154.93|1,15,3,6,44,46,47,31,33,121,249,252,43|MSFT 5.0
wdiazaa|zay5LxXu7a2Tl7mitte%|11:f8:5b:00:a2:81|149.235.151.246|1,121,3,6,15,119,252|
mfowlerab|zayZNXv8aM1cjymitte%|3f:44:42:40:56:39|61.206.191.188||
rsimpsonac|zay5CTkA37tQsgcmitte%|cb:d5:fa:e0:9e:40|121.192.58.71|1,3,6,15,119,95,252,44,46|
mharveyad|zayooyjjvjxLmitte%|f2:bc:f7:eb:f1:27|140.64.37.101|1,15,3,6,44,46,47,31,33,121,249,43|MSFT 5.0
holiverae|zaySu9Hvemitte%|8f:d7:17:73:76:b6|158.227.47.135||
jschmidtaf|zay2eZ2LuiE8mitte%|d3:8a:42:79:02:d5|108.179.48.160|1,33,3,6,15,28,51,58,59|dhcpcd-5.5.6
mblackag|zayXOUyRZSJamitte%|c6:b3:80:e4:2c:21|191.101.98.139|1,3,6,15,119,252|
jmatthewsah|zayW039EImDrldmitte%|80:29:c6:0f:f7:9a|136.75.137.191|1,33,3,6,15,28,51,58,59|dhcpcd-5.5.6
wgrantai|zaybcRk4cYzzmitte%|62:a6:2a:d6:c4:66|129.50.194.242|1,33,3,6,15,26,28,51,58,59|dhcpcd-5.5.6
aortizaj|zayKgtIIQqCQumitte%|da:ec:a3:84:cd:44|125.112.241.244|1,121,3,6,15,119,252|
bwoodak|zay7GCTGfHCmitte%|a7:45:a7:e0:4f:90|193.184.178.128|1,121,3,6,15,119,252|
jbaileyal|zayAtWffGqmitte%|1b:68:fd:ae:5c:57|183.70.39.2|1,3,6,15,119,252|
bfoxam|zayXkBptjuemitte%|84:fe:12:3b:6c:9d|151.171.50.53||
akiman|zayi94Pzzmitte%|aa:c3:be:b2:dd:1d|24.185.211.165|1,3,6,15,119,252|
acarpenterao|zayTtzuhxFk28mitte%|02:d6:b8:0e:b6:97|135.255.151.219|1,121,3,6,15,119,252|
emorrisonap|zayZoP4oUKI4mitte%|39:41:1f:24:bb:b8|254.178.52.90|1,33,3,6,15,28,51,58,59|dhcpcd-5.5.6
pmilleraq|zayzc7ob2mitte%|bb:98:fa:ee:5f:e1|223.196.175.32|1,15,3,6,44,46,47,31,33,121,249,252,43|MSFT 5.0
jlarsonar|zayCsKuITRgRD2Nmitte%|ae:e1:17:22:25:49|2.13.37.236|1,33,3,6,15,28,51,58,59|dhcpcd-5.5.6
wcampbellas|zayve5J9IA6Vmitte%|3f:23:4c:3c:57:47|192.183.58.17|1,15,3,6,44,46,47,31,33,121,249,43|MSFT 5.0
jberryat|zayHRtTW7YV3BOmitte%|6f:69:e9:82:a7:b4|208.75.184.120|1,33,3,6,15,28,51,58,59|dhcpcd-5.5.6
agardnerau|zayjhfcd1Vb9oujmitte%|a9:11:a4:3d:24:cc|3.147.98.207|1,121,3,6,15,119,252|
wjenkinsav|zayKgi5554viBmitte%|1c:54:bc:4d:8b:a3|177.111.206.132||
tcollinsaw|zaycuAGtK8G0emitte%|83:d0:34:4b:34:df|242.134.191.142|1,121,3,6,15,119,252|
fjacobsax|zayQdmpMKNrFmitte%|f7:78:7f:8d:2c:75|253.34.216.17|1,33,3,6,15,26,28,51,58,59|dhcpcd-5.5.6
asandersay|zaynOIhRcVYqGmitte%|5f:53:6e:1f:4d:46|171.19.225.178|1,15,3,6,44,46,47,31,33,121,249,252,43|MSFT 5.0
cgonzalesaz|zayU7o7IKmitte%|0c:d2:ae:2c:6c:e5|72.162.253.63|1,121,3,6,15,119,252|
jbishopb0|zayKlOnDmqdDmitte%|fe:c7:e7:c4:a7:7d|183.154.204.162||
mmatthewsb1|zaytN8GFxYNfxymitte%|b3:96:69:65:6f:f2|67.18.170.17||
rparkerb2|zayzw557rYmitte%|5f:63:d5:66:00:e4|35.52.21.29||
pperezb3|zay5ApKeJmitte%|5a:2e:61:96:c6:07|181.13.229.205|1,15,3,6,44,46,47,31,33,121,249,252,43|
cwelchb4|zayMBt7Tj1Amitte%|15:95:34:5c:ab:e0|105.138.50.249||
glynchb5|zay8wpNI1Hdmitte%|0b:e3:ca:c1:eb:d3|147.78.39.32|1,121,3,6,15,119,252|
kgreenb6|zayEjoEwAagG8mitte%|f5:5a:cc:18:08:dd|48.183.164.216||
ncrawfordb7|zay9qYX0MrHgFtmitte%|f0:e2:01:13:f4:0c|102.253.63.114|58,59,6,15,51,54,1,3|
tfullerb8|zaygdPp2tn0Qn9mitte%|9f:b5:4b:a2:fe:7a|214.185.31.213|1,121,3,6,15,119,252|
fjordanb9|zay8X0ggtPmitte%|37:91:92:75:68:3a|111.141.184.106||
pcampbellba|zay8hSvkLmxmitte%|90:8d:61:a7:53:1a|102.244.41.201|1,33,3,6,15,28,51,58,59|dhcpcd-5.2.10:Linux-3.0.8-perf:armv7l:QCT MSM7x27a SURF
mgriffinbb|zayQHWRFH6rQOHsmitte%|1a:0d:69:ed:7d:2d|108.191.37.191|1,3,6,15,31,33,43,44,46,47,121,249,252|MSFT 5.0
lgordonbc|zay7MQC79IYWmitte%|bb:62:6a:3c:7c:83|147.119.231.26|1,33,3,6,15,26,28,51,58,59|dhcpcd-5.5.6
jkimbd|zayW0fXzRGBHITmitte%|d0:39:12:60:80:b5|83.212.79.48|1,15,3,6,44,46,47,31,33,121,249,43|MSFT 5.0
cmasonbe|zayUEeARYuPmitte%|3b:82:f7:e9:8a:3c|203.140.204.213|1,121,3,6,15,119,252|
jcollinsbf|zayiXJ0RvEL0Mmitte%|4e:19:47:61:35:fa|174.83.180.210||
lhartbg|zaynAzujGXyOT5Rmitte%|d1:a1:06:d4:24:b2|137.88.101.150||
pcarrollbh|zayIbHSfavwAmitte%|e6:6e:b2:77:44:4e|26.46.9.163|1,121,3,6,15,119,252|
asullivanbi|zayAJTYIimitte%|fb:e8:cf:e0:2f:16|220.183.208.232|1,33,3,6,15,28,51,58,59|dhcpcd-5.5.6
ngibsonbj|zay9ZlGiWmitte%|0d:74:fe:9f:14:4b|84.2.72.182|1,3,6,15,119,252|
jvasquezbk|zaygDmp6HyLqWymitte%|31:b4:e0:14:05:5b|125.67.142.197|1,15,3,6,44,46,47,31,33,121,249,43|MSFT 5.0
epricebl|zay4FdoVHbmitte%|ce:46:65:bf:9f:03|146.22.221.194|1,3,6,15,119,95,252,44,46|
jrosebm|zayiVYb8dmitte%|9b:8e:ba:ea:45:1f|157.135.115.67|1,121,3,6,15,119,252|
awilliamsbn|zaynLNzHvwmitte%|b2:ba:dd:98:d5:79|82.134.76.183|1,33,3,6,15,28,51,58,59|dhcpcd-5.5.6
rriverabo|zay58KoGQ8ijdwwmitte%|36:df:a8:d2:eb:1c|67.135.221.45|1,33,3,6,15,28,51,58,59|dhcpcd-5.5.6
pmeyerbp|zay2dsQuEEmitte%|41:d6:c5:2a:46:74|196.15.163.204|1,3,6,15,119,95,252,44,46|
bpiercebq|zayxAmqq91hAgsDmitte%|45:3f:82:07:d5:f7|45.180.115.23|1,3,6,15,119,252|
swheelerbr|zayyV1jca8E1emitte%|e1:c3:a5:fc:95:75|107.211.108.12|1,3,6,15,119,252|
jhayesbs|zaybfBUIpNUmitte%|2b:c0:e7:44:cc:f6|252.113.51.12|1,3,6,15,26,28,51,58,59|android-dhcp-6.0
mricebt|zayjHU70iqicfnmitte%|6e:d1:7a:c4:f1:a7|92.3.241.213|1,121,3,6,15,119,252|
treidbu|zaymUFcBIV6Jmitte%|66:f7:b8:e6:a0:e7|106.112.48.34|1,3,6,15,119,95,252,44,46|
pwestbv|zay8S5yQREmitte%|39:f9:97:24:4c:b1|206.176.74.38||
dfordbw|zay4f3AWlXkyYwmitte%|4d:06:cd:ae:dc:c8|214.74.28.93||
varmstrongbx|zayDUzgqfE1Gmitte%|85:a8:03:4e:72:78|85.56.176.245|1,3,43,44,46,47,6,33,121,249|MSFT 98_
rgrahamby|zayT3IbGXw0hpsmitte%|e2:dc:1a:d5:8f:4f|48.162.103.125|1,33,3,6,15,28,51,58,59|dhcpcd-5.5.6
handersonbz|zayQWJcwoIJNxumitte%|7f:ad:9c:66:90:cf|17.59.12.70||
agriffinc0|zay5ohkd29AvFBmitte%|9d:53:50:06:d1:7b|80.178.172.120|1,121,3,6,15,119,252|
thunterc1|zayN0eyBiaiUmitte%|0d:a1:d6:f4:c3:9e|254.53.192.158|1,121,3,6,15,119,252|
jaustinc2|zay8tzpBDU7mitte%|3a:68:64:91:25:b0|41.126.52.171||
belliottc3|zayU6AmM290K52Gmitte%|cf:e4:8a:78:19:f9|164.50.16.191|1,33,3,6,15,28,51,58,59|dhcpcd-5.5.6
bnicholsc4|zay0QOBbD2xkmitte%|e4:a3:07:97:81:22|40.166.83.210|1,33,3,6,15,26,28,51,58,59|dhcpcd-5.5.6
acookc5|zayzdX4LYmitte%|53:df:31:ef:ed:b8|183.183.130.73|1,3,6,15,119,95,252,44,46|
llittlec6|zayKUPfmbQERawmitte%|44:85:b0:69:6d:83|232.14.118.206|1,33,3,6,15,28,51,58,59|
dpricec7|zayO75rTtwUxnmitte%|7b:9d:42:01:44:ec|153.236.3.229||
kmasonc8|zay5C3pbwvVemitte%|ea:a2:c6:19:d1:76|187.243.106.53|1,33,3,6,15,28,51,58,59|dhcpcd-5.5.6
jhendersonc9|zayL70xxKFvemitte%|77:88:b8:cf:a7:07|241.138.144.25|1,121,3,6,15,119,252|
nruizca|zayrr1GzxIgKBmitte%|e2:a7:f6:88:c2:20|103.123.24.139|1,121,3,6,15,119,252|
bcolemancb|zayjYtlq45ZwTRmitte%|02:81:2c:07:ea:78|59.215.191.61|1,3,6,15,119,252|
jbryantcc|zayi6Esknzi11mxmitte%|40:5a:b2:f9:99:f1|138.19.150.195|1,121,3,6,15,119,252|
acampbellcd|zaysaSVFodgeGdwmitte%|a8:57:d5:7c:fc:33|133.128.109.35|1,121,3,6,15,119,252|
djenkinsce|zayVfrgr8mitte%|d5:bd:11:a5:7c:22|229.110.153.218|1,121,3,6,15,119,252|
rgonzalezcf|zayzMbjIsBE6Wmitte%|1d:88:2d:0f:b8:b0|248.6.39.214|1,15,3,6,44,46,47,31,33,121,249,43|MSFT 5.0
jwoodscg|zayHq2thPmitte%|f2:6c:b3:f4:3c:f2|140.41.31.71|58,59,6,15,51,54,1,3|
rdaych|zayh9FzfCnvosmitte%|bb:fb:45:77:f0:98|154.208.236.97|1,33,3,6,12,15,28,42,51,58,59,119|dhcpcd-5.5.6
acarterci|zayQufDIwmitte%|5c:ad:f8:bb:e8:04|54.215.141.112|1,15,3,6,44,46,47,31,33,121,249,252,43|MSFT 5.0
sstanleycj|zayMTg0g3QtRmitte%|1c:b6:53:78:a1:cd|25.71.119.115|1,121,33,3,6,28,51,58,59|dhcpcd 4.0.15
dturnerck|zayPgRcpyfHjLwZmitte%|c9:77:b8:02:bd:d6|234.189.66.238|1,33,3,6,15,28,51,58,59|dhcpcd-5.5.6
trichardscl|zayGOPhAdmitte%|c7:59:ad:1b:dc:9d|124.13.73.147|1,33,3,6,15,28,51,58,59|dhcpcd-5.2.10
trussellcm|zayQ0Y7rHbgeK8mitte%|27:79:16:18:65:40|174.64.84.150|1,33,3,6,15,28,51,58,59|dhcpcd-5.5.6
sgonzalescn|zaybm9fyqmitte%|97:e3:21:b6:19:b4|199.239.158.82|1,3,15,6|PS4\0
kdiazco|zayzXNuWUmitte%|bc:d3:83:a3:35:f9|238.20.41.108|1,33,3,6,15,28,51,58,59|
abennettcp|zayKYERF3jRv2mitte%|df:42:2b:7e:b5:de|187.25.108.246||
jmurphycq|zayATUtjLBLyj8Smitte%|73:c0:98:a3:ef:51|107.97.109.131|1,3,6,15,119,252|
jknightcr|zayKR5YtNPmitte%|d3:a9:60:c3:6d:80|90.2.32.5||
pwardcs|zayLhM0nUMmitte%|f8:6e:35:4b:86:04|38.18.119.157||
ehughesct|zayhUIpHPOWDaNmitte%|3c:b1:e1:4f:7d:1b|76.23.247.176|1,3,6,15,119,252|
radamscu|zayRZZFX3Rvmitte%|b2:c5:bf:98:8c:b6|193.171.215.241||
ecarpentercv|zaybSfAzGkh1mitte%|9b:5d:5a:f4:77:54|102.113.149.153|1,3,6,15,119,95,252,44,46|
nowenscw|zaygKqLnCGFaTEwmitte%|6b:21:45:4f:6e:43|222.169.90.128|1,33,3,6,15,28,51,58,59|dhcpcd-5.5.6
astanleycx|zaymwD1p77fNjtmitte%|78:d5:94:05:8d:ab|145.58.67.144|1,33,3,6,15,28,51,58,59|dhcpcd-5.5.6
dfreemancy|zayKWnqP2Nfi7PZmitte%|7d:1e:35:16:61:c3|131.27.116.240||
drodriguezcz|zay88A05pvfYFmitte%|39:7c:bd:e0:aa:3d|55.73.10.194|1,121,3,6,15,119,252|
pcarrd0|zay6dsWXPaM8Smitte%|1a:87:8d:25:56:f2|226.230.91.120|58,59,6,15,51,54,1,3|
jhowardd1|zayBcv3z9mitte%|94:ef:53:f8:de:6b|243.176.69.119|1,33,3,6,15,28,51,58,59|dhcpcd-5.5.6
dcoled2|zayibglULxQHemitte%|5b:ea:b7:7b:35:e1|96.6.61.12||
cwoodd3|zayzsOSVtMmitte%|c1:78:7e:6e:db:24|3.147.71.15||
mbarnesd4|zayYOj43zgEsmitte%|9a:66:c2:71:52:e9|125.3.23.215|1,3,6,15,119,252|
mmorenod5|zaypPX3bmROmitte%|43:09:cf:45:8e:f6|168.137.128.199||
hhilld6|zay4SAmJnruB8mitte%|da:72:82:68:fa:f2|58.87.130.30|1,33,3,6,15,28,51,58,59|dhcpcd-5.2.10:Linux-2.6.35.14-ics+:armv6l:GT-S5660 Board
ksnyderd7|zayotGubjDw8FS4mitte%|c1:77:2e:65:4a:f8|138.164.244.90|1,33,3,6,15,28,51,58,59|dhcpcd-5.5.6
chuntd8|zayjIQpBYDmitte%|1d:8f:b7:8e:31:dc|194.236.245.187|1,15,3,6,44,46,47,31,33,121,249,43|MSFT 5.0
mryand9|zayiju3tCmitte%|0a:bb:6d:1e:87:46|65.45.19.219|1,15,3,6,44,46,47,31,33,121,249,43|MSFT 5.0
jbanksda|zayC2I2f0Uz64Eomitte%|fe:bb:41:dd:a8:fd|28.98.233.204||
afisherdb|zaynHqdmkrKHRxmitte%|14:f6:46:27:d5:05|226.161.120.242|1,121,3,6,15,119,252,95,44,46|
lfosterdc|zayYNkJ2CpdQBPmitte%|86:ca:ac:e0:14:d4|215.130.47.104||
dlopezdd|zayZfv9KVHlmitte%|ad:17:33:20:5c:4b|105.1.8.100|1,121,3,6,15,119,252|
jnguyende|zay4uPNldrvmitte%|39:d4:5d:12:69:a5|193.56.59.65|1,121,3,6,15,119,252|
akingdf|zayRDkbVwfmitte%|75:2c:63:2d:74:e4|165.183.198.134||
jcolemandg|zayUTkanHxTbmitte%|91:5d:fb:86:1e:45|204.173.188.63|1,15,3,6,44,46,47,31,33,121,249,43|MSFT 5.0
ffernandezdh|zayY8HqjTAUL4ommitte%|f7:eb:84:76:fb:19|167.122.79.255|1,15,3,6,44,46,47,31,33,121,249,252,43|MSFT 5.0
ekingdi|zayzPALJhvHFgmqmitte%|7c:e7:4a:4f:b7:74|34.102.121.218||
ekimdj|zayKUdLXamitte%|ff:79:df:03:cd:11|160.68.243.130|1,33,3,6,15,28,51,58,59|dhcpcd-5.5.6
dhughesdk|zayObjrFGfxnmitte%|4a:f7:fb:18:a7:a9|111.61.42.138|1,28,2,3,15,6,119,12,44,47,26,121,42,121,249,33,252,42|
jowensdl|zaym4JHDzaamitte%|a9:84:88:35:d1:16|21.36.79.51|1,33,3,6,15,28,51,58,59|dhcpcd-5.5.6
bmorgandm|zay7bxHwTFguDromitte%|55:d9:40:28:5b:6f|222.250.57.180|1,33,3,6,15,28,51,58,59|dhcpcd-5.5.6
rmcdonalddn|zayiHpQLkg0vZmitte%|03:d1:dd:e3:90:48|58.35.230.109|1,33,3,6,15,26,28,51,58,59|dhcpcd-5.5.6
dgordondo|zayOLl1WLFaa08mitte%|c1:52:a3:90:60:04|190.104.218.43||
rreyesdp|zayOJt1m9fkAmitte%|4f:22:81:52:78:2c|255.251.244.49|1,33,3,6,15,28,51,58,59|dhcpcd-5.5.6
jpetersdq|zaywg6M3JegUomitte%|55:ef:49:da:13:02|98.10.227.143|1,3,6,15,119,95,252,44,46|
vryandr|zayyqWVntAmitte%|6e:ee:69:ec:07:7d|125.19.247.245|1,15,3,6,44,46,47,31,33,121,249,43|MSFT 5.0
kstevensds|zayGVOMAT7KWoUmitte%|93:ed:e9:75:b8:69|239.67.225.139||
trobinsondt|zay3lhD9JBii1jmitte%|ad:e0:d2:0e:48:01|2.152.77.55|1,15,3,6,44,46,47,31,33,121,249,252,43|MSFT 5.0
kreiddu|zayNioc9KLGmitte%|3a:aa:4a:eb:ce:b4|148.34.145.120||
ewagnerdv|zayXdVFFu8vhmitte%|35:37:9a:8f:83:1d|250.69.101.79||
hfosterdw|zayFUZk248yDmAqmitte%|d4:d1:44:37:60:c8|54.213.157.176|1,3,6,15,119,252|
ahilldx|zayW8e2KNmitte%|c4:d3:76:6e:04:b8|198.9.167.178||
larmstrongdy|zayzbPOs5mitte%|0a:23:a4:42:d4:52|65.22.222.77|1,33,3,6,15,26,28,51,58,59|dhcpcd-5.5.6
kmedinadz|zaynnyzNoAMevJmitte%|d8:bc:9a:20:97:31|140.226.145.96|1,3,6,15,119,95,252,44,46|
hbarnese0|zayp8RsMUzmitte%|54:92:91:6d:f3:60|210.218.223.231|1,33,3,6,28,51,58,59|dhcpcd-5.2.10:Linux-3.0.15-M250S.UG26.1655-CL906886:armv7l:SHW-M250S
rgarciae1|zayjzYVlmhrmitte%|1b:0d:5c:6f:d6:10|75.94.151.2||
cvasqueze2|zayYjHWlaX2mitte%|08:3e:94:70:a7:56|203.41.94.47||
cflorese3|zaycFUBpdrtWnmitte%|2c:f2:5a:4e:f0:33|146.43.134.191|1,33,3,6,28,51,58,59|dhcpcd-5.2.10:Linux-3.0.15-I9100XWLP7-CL340913:armv7l:SMDK4210
hgarrette4|zayCuBY90kPomitte%|41:c8:09:a1:b5:be|8.0.202.116|1,121,3,6,15,119,252|
rshawe5|zayHr7GvVUmitte%|53:74:01:f1:b1:91|36.196.6.80|1,121,3,6,15,119,252|
kcartere6|zayCHpdLcYXxqmitte%|5d:f5:46:69:3e:ad|76.115.253.41||
tmendozae7|zayVnly7ambmitte%|ce:27:b7:b4:ec:17|251.74.236.51|1,15,3,6,44,46,47,31,33,121,249,43|MSFT 5.0
jolsone8|zayKwwpDykCHXmitte%|47:e5:22:d0:7f:d5|117.72.232.209|1,33,3,6,15,26,28,51,58,59|dhcpcd-5.5.6
jstevense9|zayS3JoD9hTmitte%|de:c2:7c:c2:ac:b1|64.239.197.229|1,121,3,6,15,119,252|
swalkerea|zayw0k8NYmitte%|d3:7b:df:b3:55:0e|208.225.252.66||
jwhiteeb|zayM7w5L6swTmitte%|fb:e2:b9:64:78:72|178.195.194.254|1,33,3,6,15,28,51,58,59|dhcpcd-5.2.10
akennedyec|zayAGzomiwFmitte%|40:9a:e5:e1:2d:48|180.2.218.167|1,33,3,6,15,26,28,51,58,59|dhcpcd-5.5.6
pellised|zayHoxsxzmitte%|ff:46:68:ee:24:7f|248.88.83.194|1,15,3,6,44,46,47,31,33,121,249,43|MSFT 5.0
barmstrongee|zay3fqY2dG1MfJmitte%|d6:80:b8:9f:78:03|202.108.22.120|1,15,3,6,44,46,47,31,33,121,249,43|MSFT 5.0
fwarrenef|zayVsI6L8mitte%|ba:98:3d:e3:a5:a5|88.90.137.80|1,121,3,6,15,119,252|
jkellyeg|zayGhLYy0OIN5cmitte%|a5:bc:d2:46:db:ca|75.251.101.85|1,15,3,6,44,46,47,31,33,121,249,252,43|MSFT 5.0
jhowardeh|zaytLAb7lW3Mmitte%|0b:25:27:26:db:c9|118.127.171.249|1,15,3,6,44,46,47,31,33,121,249,43|MSFT 5.0
kgrantei|zay3GVoLNBWmitte%|b4:7e:14:a0:03:a8|230.68.177.25||
rmorrisej|zayPqO63jvFsREmitte%|bf:32:a6:b4:3f:72|110.107.185.3||
cgibsonek|zay91nv3fOlWmitte%|2c:93:29:99:79:be|34.215.80.90|1,3,6,15,31,33,43,44,46,47,121,249,252|MSFT 5.0
rmcdonaldel|zay4dhSwedCKmitte%|2b:7e:28:b8:5c:5d|33.49.147.186|1,33,3,6,15,28,51,58,59|dhcpcd-5.5.6
smorrisonem|zayctjiVqYaGmitte%|53:d9:77:11:6b:e4|97.64.31.155|1,33,3,6,15,28,51,58,59|dhcpcd-5.5.6
dcruzen|zayc93msQrJmmitte%|22:c1:23:76:11:23|242.51.29.206|1,3,6,15,119,252|
gbaileyeo|zayYceTx2toOmitte%|7b:dc:71:30:ed:85|126.230.132.236|1,33,3,6,15,28,51,58,59|dhcpcd-5.5.6
jthomasep|zayu2PEGt4qk4mitte%|12:43:1a:31:90:1a|86.82.131.60|1,33,3,6,15,28,51,58,59|dhcpcd-5.2.10
mbarneseq|zayUESPJJmitte%|fa:62:00:2f:e2:e2|195.26.255.145|1,15,3,6,44,46,47,31,33,121,249,43,195|MSFT 5.0
dbakerer|zay2Z1b3CPu5mitte%|1f:c6:f9:b4:e9:77|128.15.226.143||
fperezes|zayPj4c7r6jmitte%|86:93:78:1c:73:2b|70.226.205.37|58,59,6,15,51,54,1,3|
scarret|zaypUsbBZmitte%|bc:43:73:f2:f5:cf|153.138.54.109||
wmorrisoneu|zay2ZRwMQmitte%|96:19:5a:1b:30:76|172.57.244.185||
rfreemanev|zay6btPTgiSWDmitte%|cb:43:50:68:2d:33|73.89.137.137|1,121,3,6,15,119,252|
jdunnew|zaylRUsMaoDWmitte%|00:4b:ea:5e:f7:24|22.244.225.44|1,3,6,15,119,95,252,44,46|
hcrawfordex|zayNPiedIGIPmitte%|1c:4f:94:57:1b:ec|46.206.4.203|1,15,3,6,44,46,47,31,33,121,249,252,43|MSFT 5.0
rryaney|zayd2Yt1gKb7kFmitte%|4a:ad:20:ed:b7:93|33.97.0.146|1,15,3,6,44,46,47,31,33,121,249,43|MSFT 5.0
jlawsonez|zaysDq7Xtd7Uqmitte%|39:7f:f9:2c:29:16|195.83.47.135|1,121,3,6,15,119,252|
rbarnesf0|zayFXqpO1bsUmitte%|da:e8:4a:f7:cf:3a|222.83.212.0|1,15,3,6,44,46,47,31,33,121,249,252,43|MSFT 5.0
awashingtonf1|zayzny05HMmitte%|27:33:37:dc:d5:19|156.70.244.192|1,33,3,6,15,26,28,51,58,59|dhcpcd-5.5.6
pjordanf2|zay7rqZc9Uhmitte%|b7:c5:c9:f8:a1:9a|200.7.255.237|1,15,3,6,44,46,47,31,33,121,249,252,43|MSFT 5.0
rfordf3|zayZ5L128tnmitte%|16:9f:fc:c7:3d:83|140.162.79.76|1,33,3,6,15,28,51,58,59|dhcpcd-5.5.6
ldanielsf4|zayNluAXOxubmitte%|bc:b3:92:40:bd:18|5.176.242.59|1,121,3,6,15,119,252|
ehansonf5|zay3KtVi3fZ1mitte%|b4:3e:a2:4b:10:24|209.120.172.28|1,3,6,15,119,252|
msimpsonf6|zayTz9ROnK8Xif9mitte%|40:91:87:9e:54:d2|95.219.76.214|1,33,3,6,15,26,28,51,58,59|dhcpcd-5.5.6
adiazf7|zayKTtWyXUmJsmitte%|37:75:df:31:3a:11|104.0.56.245|1,121,3,6,15,119,252|
jyoungf8|zay3FdGNUAbmitte%|c5:45:68:bc:b9:d5|83.110.136.245|1,33,3,6,15,28,51,58,59|dhcpcd-5.5.6
ssullivanf9|zaysmLozY2LHIWmitte%|f4:62:48:9f:c7:81|14.56.238.197|1,15,3,6,44,46,47,31,33,121,249,252,43|MSFT 5.0
mwrightfa|zayuzuR3f4mitte%|4b:5f:89:81:31:10|123.85.25.70|1,15,3,6,44,46,47,31,33,121,249,43|MSFT 5.0
rkimfb|zaySQpgQxamitte%|c9:6e:f0:ae:75:04|59.63.158.199|1,3,6,15,119,252|
nrobertsfc|zayQF0v7Moxmlmitte%|07:d9:a5:5f:c8:55|52.234.244.156|1,33,3,6,15,28,51,58,59|dhcpcd-5.2.10
kcarpenterfd|zayYEyg7zKgVqmitte%|e3:b5:ad:47:f1:65|207.180.42.102|1,121,3,6,15,119,252|
dfoxfe|zayyI1Hs9C38YHRmitte%|a6:1b:b4:15:15:57|242.54.72.32|1,33,3,6,15,28,51,58,59|dhcpcd-5.5.6
jmillsff|zay1lHhACUeumitte%|af:dc:85:5a:da:dd|166.241.60.193|1,33,3,6,15,28,51,58,59|dhcpcd-5.5.6
freyesfg|zayoyLkdhrYBWmitte%|ba:e2:94:d2:a0:48|150.158.134.129|1,3,6,15,119,252|
ahudsonfh|zayTDvkS9ez2qamitte%|1f:46:c0:13:53:42|244.50.204.66|1,33,3,6,15,28,51,58,59|dhcpcd-5.2.10
srobinsonfi|zayT9JvW18OiPcmitte%|fa:2a:70:77:75:7b|69.91.92.41|1,15,3,6,44,46,47,31,33,121,249,43|MSFT 5.0
pburnsfj|zay0d8kPfmTY7Fxmitte%|6e:de:c5:66:ab:ea|107.26.24.107|1,3,6,15,119,95,252,44,46|
kgilbertfk|zayTc9DfMuCjJbmitte%|e7:97:5d:94:5f:5b|36.114.213.204|1,33,3,6,15,28,51,58,59|dhcpcd-5.2.10
amarshallfl|zayjtpdsLmitte%|fe:37:06:38:be:f0|109.58.32.65|1,33,3,6,15,26,28,51,58,59|dhcpcd-5.5.6
lbennettfm|zayAtjHKVA4Jmitte%|de:2b:14:e8:8a:db|156.155.183.9|1,15,3,6,44,46,47,31,33,121,249,252,43|MSFT 5.0
jdixonfn|zayuAz7trtvOnhmitte%|07:0c:4f:bc:9a:a1|241.208.188.255||
bchavezfo|zayG1eTiRmitte%|47:35:f5:41:da:88|222.233.23.9|1,121,3,6,15,119,252|
iperkinsfp|zayZCldKEd7Tromitte%|8e:68:90:fe:f1:f2|196.123.124.71|1,121,3,6,15,119,252|
jcoxfq|zayyecanQdZomitte%|5e:fd:4b:de:59:8a|190.216.174.135|1,33,3,6,15,28,51,58,59|dhcpcd-5.5.6
spaynefr|zayjXfovLmitte%|63:8b:37:2d:47:92|64.13.191.199|1,33,3,6,15,28,51,58,59|dhcpcd-5.5.6
nschmidtfs|zayoA2Ut8zmitte%|e6:34:12:b3:9c:88|126.35.205.221|1,33,3,6,15,26,28,51,58,59|dhcpcd-5.5.6
sperkinsft|zaydLqfVtmitte%|a4:9f:8c:65:5e:cf|80.64.34.23|58,59,6,15,51,54,1,3|
jharperfu|zaytlEHMwi47amitte%|0c:95:c0:d5:af:fb|27.61.182.207|1,15,3,6,44,46,47,31,33,121,249,252,43|MSFT 5.0
smontgomeryfv|zaynRX6U3EDPmitte%|c1:53:94:4a:9a:64|224.77.146.77||
jjohnstonfw|zaynGO6SWFiJcykmitte%|59:65:0a:a4:f2:9d|221.108.69.180|1,33,3,6,15,26,28,51,58,59|dhcpcd-5.5.6
bgrayfx|zayxu7NyMKmitte%|a2:19:e5:66:d3:1e|85.56.77.144|1,121,3,6,15,119,252|
hbrownfy|zay0lQJfrur3mitte%|35:31:78:0d:85:69|184.38.159.100|1,33,3,6,15,26,28,51,58,59|dhcpcd-5.5.6
ejordanfz|zayHyHObe4Wmmitte%|08:6d:8b:e6:28:69|103.248.184.251|1,15,3,6,44,46,47,31,33,121,249,43|MSFT 5.0
lscottg0|zayqCL6VL4FGK2imitte%|ea:91:ed:10:ec:1d|166.199.222.238|1,15,3,6,44,46,47,31,33,121,249,43|MSFT 5.0
agutierrezg1|zayQbTZZmmitte%|e1:64:c7:94:d4:32|109.245.173.237|1,33,3,6,15,28,51,58,59|dhcpcd-5.5.6
bevansg2|zaynfKpVcDvA2Bmitte%|6c:54:d9:d0:db:a9|80.116.222.230|1,33,3,6,15,28,51,58,59|dhcpcd-5.5.6
rfernandezg3|zayqspB1CddPmitte%|36:1a:eb:e0:c3:4f|121.251.253.120||
gjenkinsg4|zay9qfuyOoCmitte%|03:48:f9:e6:af:28|213.73.57.121|1,15,3,6,44,46,47,31,33,121,249,43|MSFT 5.0
adiazg5|zayIi5Z8obBRnjmitte%|99:bf:f9:b2:9e:9b|218.12.186.35|1,3,6,15,119,252|
jcollinsg6|zaycsnVPumitte%|1d:2f:b8:f1:8c:bf|71.225.195.189|1,15,3,6,44,46,47,31,33,121,249,43|MSFT 5.0
wjohnsong7|zay92mTMj982mitte%|df:2b:ab:31:a9:e1|86.241.125.220||
rgutierrezg8|zayalmEKB25G4mitte%|50:50:65:b3:ed:04|163.59.239.167|1,33,3,6,15,26,28,51,58,59|dhcpcd-5.5.6
jgilbertg9|zayKnXswPabY15mitte%|74:66:13:b3:24:94|101.133.5.69|1,15,3,6,44,46,47,31,33,121,249,43|MSFT 5.0
vallenga|zayWVOU5S21mitte%|2c:48:d9:6e:d1:37|221.221.161.152|1,33,3,6,15,26,28,51,58,59|dhcpcd-5.5.6
lbakergb|zayc9kyjfBlmitte%|4c:3b:4c:92:88:82|225.136.19.43|1,121,3,6,15,119,252|
plonggc|zay6DVlInmitte%|08:8c:bb:a5:e7:00|80.129.165.168|1,33,3,6,15,28,51,58,59|dhcpcd-5.5.6
rgilbertgd|zaybFGxNWg54mmitte%|4f:3c:d1:73:37:8d|58.67.130.69||
sfordge|zayARZD3xUn8iXmitte%|41:ea:70:28:31:58|119.103.9.152|1,3,6,15,31,33,43,44,46,47,121,249,252|MSFT 5.0
sbishopgf|zaylXdlgvABdO6Amitte%|ca:73:2c:33:e1:fe|188.118.212.190|58,59,6,15,51,54,1,3|
pwhitegg|zayyEjoNAmitte%|29:a9:67:05:3d:46|53.71.178.225|1,3,6,15,119,252|
kwestgh|zayjkKNfbzmitte%|df:d6:c3:8b:db:91|236.251.59.241||
jschmidtgi|zayZJTCvN4WOumitte%|19:67:c5:23:21:b5|121.144.88.237|1,121,3,6,15,119,252|
jandrewsgj|zayZU9ovdN1wmitte%|25:72:41:23:86:7e|234.184.176.225|1,33,3,6,15,26,28,51,58,59|dhcpcd-5.5.6
jkelleygk|zayH6HWLnFmitte%|00:f8:c7:35:f1:51|107.114.239.59|1,121,3,6,15,119,252|
dalexandergl|zay2CJ2PVmitte%|bb:ff:30:d0:dc:18|105.173.247.98|1,33,3,6,15,28,51,58,59|dhcpcd-5.2.10
wharveygm|zayxHv1yrmitte%|34:2e:9e:d3:7a:f3|67.180.228.27||
lhuntgn|zayfr1vgtymitte%|c7:12:9f:ed:02:e0|32.218.97.3|1,33,3,6,15,26,28,51,58,59|dhcpcd-5.5.6
bjamesgo|zayTx9E0qX4Qmitte%|69:bc:5d:91:e1:6e|55.80.167.66|1,121,3,6,15,119,252|
gwelchgp|zay0WueaofntJmitte%|13:4d:9d:c7:34:fa|204.42.124.154|1,121,3,6,15,119,252|
rshawgq|zayXtIeJtUtzmrmitte%|c7:cc:56:cd:74:22|5.34.38.62|1,33,3,6,28,51,58,59|dhcpcd-5.2.10:Linux-3.0.15-I9100XXLQ5-CL753921:armv7l:SMDK4210
rdixongr|zayttjb8dYmitte%|b7:8a:74:22:2c:36|92.253.226.143|1,121,3,6,15,119,252|
mschmidtgs|zayjY4U9mzhbo6mitte%|db:fa:ca:66:0a:10|167.54.37.23||
bgreenegt|zayzZ9kOJv7Qmitte%|64:52:8e:2c:90:62|250.49.24.193|1,33,3,6,15,28,51,58,59|dhcpcd-5.5.6
arogersgu|zayHA9Ut6Mmitte%|f3:8e:fd:c2:dd:18|222.22.64.191|1,33,3,6,15,28,51,58,59|dhcpcd-5.5.6
ahudsongv|zay5Qoutgk6YM4Dmitte%|a0:d2:36:e0:40:4d|106.129.161.159||
mjacobsgw|zayOPkx7OZmitte%|d6:25:a6:09:62:13|164.207.230.43|1,15,3,6,44,46,47,31,33,121,249,43|MSFT 5.0
rharrisongx|zayevGHUB8emitte%|1e:34:e8:a5:47:e1|112.75.5.0|1,15,3,6,44,46,47,31,33,121,249,252,43|MSFT 5.0
lstonegy|zayoCsKhY9nnLxmitte%|c9:dd:bc:81:95:fa|86.219.119.165|1,33,3,6,15,26,28,51,58,59|dhcpcd-5.5.6
rgardnergz|zaywrkTRTbAZmitte%|64:fd:7e:a9:d0:15|199.204.26.35|1,33,3,6,12,15,28,42,51,58,59,119|dhcpcd-5.5.6
awilsonh0|zaysjAm8REmitte%|0b:76:f7:28:ac:df|213.152.49.194|1,33,3,6,15,28,51,58,59|dhcpcd-5.5.6
sgarretth1|zay7bdIQwmitte%|e2:dc:db:a6:19:3e|204.245.2.50|1,33,3,6,15,28,51,58,59|dhcpcd-5.5.6
kbrooksh2|zay3xzflPMjCmitte%|8e:69:b1:a3:ec:97|177.185.165.208|1,3,6,15,119,95,252,44,46|
hstanleyh3|zay2fwuRgOoRpWmitte%|6c:cb:7e:98:92:e7|186.202.219.170|1,121,3,6,15,119,252|
jtorresh4|zayodDVZGP3HLQ1mitte%|8c:a9:8c:81:28:45|79.157.204.240|1,15,3,6,44,46,47,31,33,121,249,252,43|MSFT 5.0
wmartinh5|zayf8G8JO2Oiafamitte%|ca:f5:3f:a6:c4:34|215.150.68.140|1,33,3,6,15,28,51,58,59|
rfisherh6|zayh4Phjhmitte%|ca:55:b1:09:13:85|67.116.36.69|1,33,3,6,15,28,51,58,59|dhcpcd-5.5.6
hwesth7|zaytp3Sn2DxsZyAmitte%|bb:ee:b5:e7:b4:12|168.33.229.81|1,33,3,6,15,28,51,58,59|dhcpcd-5.5.6
acarterh8|zayrQlby8xgkZhWmitte%|c4:db:30:38:8b:35|103.122.12.215|1,33,3,6,15,28,51,58,59|
jjonesh9|zayZAk653eXyxDQmitte%|b2:6c:46:6b:13:46|92.65.123.51|58,59,6,15,51,54,1,3|
msnyderha|zaycUvaBr5lFcaXmitte%|c8:19:40:47:e3:01|223.127.75.50|1,15,3,6,44,46,47,31,33,249,43|MSFT 5.0
jmitchellhb|zayxM2VFcaF1BX7mitte%|a3:ba:43:2b:b0:c8|37.73.162.176|1,15,3,6,44,46,47,31,33,121,249,43|MSFT 5.0
bfoxhc|zayBQV7OaKoRwVimitte%|e4:0d:35:40:f2:5d|108.201.1.50|1,3,6,15,119,252|
jcoxhd|zayoqKxlemitte%|71:83:6c:69:12:50|81.109.170.189|1,3,6,15,119,252|
bphillipshe|zayRi2KhrAkJmitte%|7d:50:d8:c7:1b:9b|239.208.245.159|1,15,3,6,44,46,47,31,33,121,249,252,43|MSFT 5.0
lsnyderhf|zaySvn5NFvFmitte%|49:67:c1:ea:a4:64|232.123.82.53|1,3,6,15,119,252|
cramoshg|zaypXKApXp6Sydpmitte%|9a:bf:60:3d:90:5d|6.114.114.106||
kmartinhh|zayRaFL0umitte%|f5:bb:63:ab:e8:9b|217.200.61.225|1,15,3,6,44,46,47,31,33,121,249,252,43|MSFT 5.0
cwatsonhi|zayHJsnsbuemitte%|f2:91:d0:a0:6c:2b|37.30.107.106|1,15,3,6,44,46,47,31,33,121,249,43|MSFT 5.0
jtuckerhj|zaymTdOiTmitte%|5b:de:b0:a9:f8:1c|139.124.220.96|1,3,6,15,119,252|
tmyershk|zayrqIhSgFmitte%|8d:c5:fc:56:64:12|44.77.148.145|1,121,3,6,15,119,252|
pmendozahl|zaycRIjkEjGumitte%|d2:c0:d4:52:ae:2d|222.97.77.158|1,3,6,15,119,252|
nsullivanhm|zay3bbKcFsd6Qdmitte%|5e:34:12:35:3e:65|100.47.248.45|1,3,6,15,119,252|
bgomezhn|zayeZb3HvKmmitte%|40:c8:b3:6b:1e:e9|122.37.11.203|1,33,3,6,15,28,51,58,59|dhcpcd-5.2.10
mryanho|zayg0NSEEwQo8mitte%|c4:0a:c1:39:11:3b|160.54.148.180||
abrownhp|zayuKpUU9fqmitte%|b9:fb:46:da:16:a3|193.72.166.221|1,33,3,6,15,26,28,51,58,59|dhcpcd-5.5.6
fporterhq|zay63mHn7qmitte%|30:87:23:c2:bc:63|217.26.103.161|1,33,3,6,15,28,51,58,59|dhcpcd-5.5.6
tschmidthr|zayDXtxs4mimitte%|db:69:f2:52:f1:bf|163.246.27.148||
jhowellhs|zay7L0RupJmitte%|d4:78:a5:92:16:6d|22.90.25.118|1,121,3,6,15,119,252|
hcarrht|zayLWTZDLmitte%|a2:02:54:eb:a7:b6|192.153.220.246|1,121,3,6,15,119,252|
tschmidthu|zayUGiUZb1Dtlgvmitte%|4a:d1:a5:ac:05:73|122.46.198.190|1,121,3,6,15,119,252|
mbryanthv|zayKMfh8vZzzhmitte%|75:dc:0e:36:6f:71|159.143.90.172|1,121,3,6,15,119,252|
harnoldhw|zayhkvEzimmitte%|33:88:e9:bd:00:50|67.219.72.159|1,121,3,6,15,119,252|
emartinhx|zay3FgEI2Io7mitte%|43:40:35:a3:6c:73|145.208.162.207|1,121,3,6,15,119,252|
wrosshy|zayDxx3JEZzUmitte%|d2:c0:c0:a8:e2:a1|215.141.17.194||
tbankshz|zayTlp2yJomitte%|53:32:83:eb:a0:b0|103.211.111.159|1,33,3,6,15,26,28,51,58,59|dhcpcd-5.5.6
pwhitei0|zaycFQ9PeHmitte%|98:e5:36:29:0e:2e|196.200.153.61|1,15,3,6,44,46,47,31,33,121,249,252,43|MSFT 5.0
jstewarti1|zay5RrOxgmitte%|4a:c7:4c:a8:c7:b9|132.93.99.30|1,33,3,6,15,28,51,58,59|dhcpcd-5.5.6
aaustini2|zayvfHStKKmitte%|18:1d:e2:c9:8f:05|163.4.55.246||
driverai3|zayIJZsGdb6FLmitte%|70:80:07:f1:c0:a5|27.129.194.53|1,121,3,6,15,119,252|
hporteri4|zay3v8kloaJmitte%|df:b8:c2:5f:db:88|11.228.183.137|1,3,6,15,119,252|
skingi5|zayD97a9n5mitte%|ca:29:7a:92:71:a3|64.151.113.250|1,3,6,15,119,252|
dedwardsi6|zayilcigImitte%|28:7c:2e:b8:80:43|150.189.135.200|1,3,6,15,26,28,51,58,59|android-dhcp-6.0.1
hwilliamsoni7|zay1qPz8KNmitte%|03:94:b9:7b:bc:d7|31.183.201.213|1,15,3,6,44,46,47,31,33,121,249,252,43|MSFT 5.0
alawsoni8|zayIZ5xTSmitte%|0c:88:b2:d4:28:d7|33.213.148.62||
cdanielsi9|zayjwED2pOYGGmitte%|ba:47:57:de:35:52|87.225.59.123|1,33,3,6,15,26,28,51,58,59|dhcpcd-5.5.6
lfosteria|zaysROJrauI1mitte%|26:a2:ce:a3:2e:65|227.174.76.76||
vmcdonaldib|zaydqKrKg0eT4Hmitte%|8e:ea:f7:65:9c:b6|208.62.113.27|1,33,3,6,15,26,28,51,58,59|dhcpcd-5.5.6
mkimic|zayadiz2jOZnzmitte%|d0:8d:37:cf:3b:0e|157.177.210.137|1,15,3,6,44,46,47,31,33,121,249,252,43|MSFT 5.0
swilliamsid|zayQs7voYQQRhRDmitte%|d1:1b:e7:00:d8:1a|206.242.98.208||
srichardsonie|zayQMvFOKJ949mitte%|83:2c:f9:00:88:41|88.118.39.210||
hramirezif|zayRp4Ah8QEpmitte%|ad:e8:c6:7b:1c:86|11.191.141.246|1,121,3,6,15,119,252,95,44,46|
dmorrisonig|zayKwzQHTNimitte%|8a:f8:64:51:ed:e1|129.30.39.43|1,121,3,6,15,119,252|
rhansenih|zayIzk340bQkmitte%|ff:aa:d3:0d:5e:ab|151.45.171.189||
bgomezii|zayifeYX0qae6Avmitte%|e3:d3:22:4f:9d:ea|187.239.229.236|1,33,3,6,15,26,28,51,58,59|dhcpcd-5.5.6
jfowlerij|zayorqT67vslsmitte%|34:f3:fc:27:16:0c|38.135.96.137|1,15,3,6,44,46,47,31,33,121,249,43|MSFT 5.0
dfoxik|zayeFFIzaUHKmitte%|ee:99:18:52:7e:50|229.101.13.200|1,15,3,6,44,46,47,31,33,121,249,252,43|MSFT 5.0
dmillsil|zay3ileYOKgmitte%|e0:7d:31:26:54:75|203.14.78.227|1,15,3,6,44,46,47,31,33,121,249,43|MSFT 5.0
abakerim|zaywJfZ2i8rFgNVmitte%|9e:3d:59:f3:2f:7f|251.226.220.90|1,121,3,6,15,119,252|
jjenkinsin|zaymXLPGH7RhZ38mitte%|86:f9:6b:5d:47:07|238.205.133.243||
bduncanio|zayuE9OcNS50C3mitte%|15:94:4d:22:c1:aa|86.197.25.66||
ehernandezip|zayibfmHpKpcfQZmitte%|08:64:0a:3b:e2:b8|252.15.33.226|1,15,3,6,44,46,47,31,33,121,249,43|MSFT 5.0
phanseniq|zaycYlmntrXsmitte%|68:cb:72:36:73:6d|154.144.39.82|1,15,3,6,44,46,47,31,33,121,249,252,43|MSFT 5.0
mwarrenir|zayQd8EKmZICmitte%|83:f8:06:e4:14:02|172.255.39.113|1,33,3,6,15,26,28,51,58,59|dhcpcd-5.5.6
cfergusonis|zayE53CLps8KSmitte%|4d:44:7e:64:3f:df|137.11.211.253||
dtaylorit|zaylFlBkkamitte%|ba:54:51:47:65:73|230.154.71.79|1,121,3,6,15,119,252|
jgriffiniu|zay8XkCaGfHmitte%|ca:11:54:98:8e:3a|176.61.155.66||
drusselliv|zayO7F8iupmitte%|75:47:4f:d7:10:e2|113.197.129.54||
nharrisiw|zay5p791A4xa5smitte%|a6:e7:3a:8e:2c:15|195.27.117.5||
bfernandezix|zay9p6XeqA2dn0mitte%|da:b7:32:72:b3:59|164.220.206.40|1,15,3,6,44,46,47,31,33,121,249,43|MSFT 5.0
jnicholsiy|zaydEW2h66Wmitte%|77:dd:60:98:7b:72|87.26.43.25|1,121,3,6,15,119,252|
pwagneriz|zayoVyQWPxaJFaUmitte%|d0:59:82:ea:91:fb|51.25.250.144|1,33,3,6,15,28,51,58,59|dhcpcd-5.2.10
ahenryj0|zay3Cp4VkiKWhYmitte%|aa:10:79:0c:00:27|223.208.64.217|1,33,3,6,15,28,51,58,59|dhcpcd-5.2.10
cporterj1|zayjEL5iRDgODCmitte%|21:4b:b7:85:be:a0|254.157.115.50|1,33,3,6,15,26,28,51,58,59|dhcpcd-5.5.6
eblackj2|zayuk69hrmitte%|62:af:fb:31:b4:7e|63.47.26.77|1,33,3,6,15,28,51,58,59|dhcpcd-5.5.6
ewilliamsj3|zaykt0wKsSwvCSmitte%|c4:10:a1:83:c5:cb|36.123.130.121||
ldixonj4|zayRXs4qroXmitte%|30:72:19:3b:a0:8e|177.93.123.126|1,3,6,15,119,252|
rellisj5|zayQAylk5xUYU5mitte%|ba:dc:72:20:2d:41|164.182.3.157|1,3,6,15,119,95,252,44,46|
nrobertsonj6|zayxj1eS8zpWjmitte%|d1:3c:90:a5:3a:b2|77.249.146.211|1,15,3,6,44,46,47,31,33,121,249,252,43|MSFT 5.0
jreedj7|zayz47AERqmnnedmitte%|02:28:3c:99:24:e2|67.86.75.239||
dperezj8|zay0mMbYwmitte%|be:f5:bd:b1:61:96|69.220.182.126|1,3,6,15,119,95,252,44,46|
rhenryj9|zayVA9CUoLmitte%|b6:8b:69:c7:7e:ab|194.59.248.205|1,33,3,6,15,26,28,51,58,59|
jbradleyja|zaynq2YLxjmitte%|f2:2d:ec:66:2d:39|170.92.1.46|1,15,3,6,44,46,47,31,33,121,249,43|MSFT 5.0
jramosjb|zayP3F6sqCSGeNmitte%|0f:9f:ce:f4:0e:0f|56.165.174.46|1,121,3,6,15,119,252|
jkimjc|zayjqm07cnfvmitte%|58:9d:06:1b:33:49|206.99.173.102|1,33,3,6,15,28,51,58,59|dhcpcd-5.2.10
cgrantjd|zayXcFMYJmqjmitte%|44:5e:ce:6c:96:c9|207.31.65.135|1,3,6,15,119,252|
jsimsje|zaySHEWI65mitte%|f3:46:59:89:4d:9e|99.65.125.132|1,33,3,6,15,26,28,51,58,59|dhcpcd-5.5.6
gfrazierjf|zayMJkHvRTCmmitte%|57:8b:3d:d2:a2:14|216.51.65.126|1,3,6,15,119,252|
jarnoldjg|zay0otN75VZmitte%|a8:9b:ee:2b:7c:60|102.200.246.250||
kphillipsjh|zayV1NvK0XVWrmitte%|0a:14:cd:25:23:3b|14.148.97.15|1,3,6,15,119,95,252,44,46|
swallaceji|zaywIG2zLryImitte%|c1:82:6b:32:c6:d1|184.171.229.180|1,121,3,6,15,119,252|
dpattersonjj|zayvusoKHFmitte%|81:1a:dd:ba:67:1a|57.80.102.4|1,33,3,6,15,28,51,58,59|dhcpcd-5.5.6
kbanksjk|zayAJvh5Kmitte%|00:cd:2c:89:44:9b|197.149.228.197||
mruizjl|zaydV4drHatY5xamitte%|eb:bf:00:b9:67:dd|85.130.17.204|1,33,3,6,15,28,51,58,59|dhcpcd-5.5.6
jpetersjm|zayy3ItHIHmitte%|d1:cd:64:67:1a:5f|19.221.156.70|1,33,3,6,15,28,51,58,59|dhcpcd-5.5.6
kwheelerjn|zayMd8JFWsNKekRmitte%|b7:b0:f5:fb:59:63|69.178.202.231|1,33,3,6,15,26,28,51,58,59|dhcpcd-5.5.6
eyoungjo|zayDHJudlJqmitte%|e5:26:25:d6:32:94|207.239.95.64|1,15,3,6,44,46,47,31,33,121,249,252,43|MSFT 5.0
bhudsonjp|zayl3S3TJmitte%|e3:10:87:b8:13:ed|107.241.160.244|1,15,3,6,44,46,47,31,33,121,249,252,43|MSFT 5.0
mhenryjq|zayUvSS01mitte%|2c:75:5a:22:ae:df|182.81.167.211||
agarciajr|zayI7YZI8KTLH9mitte%|00:64:3e:3e:63:06|226.199.24.218|1,15,3,6,44,46,47,31,33,121,249,43|MSFT 5.0
abryantjs|zayOEWhWI2Lymitte%|35:2d:85:17:cf:2a|114.151.67.156|1,121,3,6,15,119,252|
pwrightjt|zaybzgEjumitte%|a7:35:96:6f:e8:7d|14.211.170.55|1,33,3,6,15,28,51,58,59|dhcpcd-5.5.6
jlynchju|zayvdc8DE1mitte%|aa:61:66:ba:94:69|137.67.97.114|1,3,6,15,119,252|
erusselljv|zayoB3nzPQbSFmitte%|75:d8:76:b9:42:a2|60.164.125.108|1,3,6,15,31,33,43,44,46,47,121,249,252|MSFT 5.0
bperezjw|zaypPYZYb8UEIdmitte%|3a:2e:2a:d2:71:b6|120.140.118.75|1,33,3,6,15,28,51,58,59|dhcpcd-5.5.6
klynchjx|zayT8uIc9a3eqmitte%|c8:29:7f:cf:c8:6e|144.207.34.242||
cellisjy|zayJoAVH6akxzmitte%|d7:e0:5e:07:28:4b|178.162.64.83|1,3,6,15,119,95,252,44,46|
alanejz|zaybSdxyzd4mitte%|c7:1e:17:69:6c:ba|232.91.115.48|1,33,3,6,15,28,51,58,59|dhcpcd-5.5.6
mfreemank0|zayX7wnCj4awmitte%|e4:f6:31:a2:f9:26|87.206.146.66|1,33,3,6,15,28,51,58,59|dhcpcd-5.2.10
afullerk1|zayqyt5Fq8mitte%|95:79:3a:e5:fc:c0|135.127.92.15|1,3,6,15,119,252|
jgonzalesk2|zayyjhDSA6zwbCmitte%|7f:3f:7f:d2:03:bd|37.218.145.200||
whallk3|zay4UV3bSJmitte%|4c:b9:78:81:cf:e3|214.66.79.69||
towensk4|zaypU2hjqmitte%|83:29:1a:97:53:b3|70.66.165.113||
cduncank5|zay5aWWvMZImitte%|9c:54:7d:4b:e9:ca|161.123.111.36||
rcarrk6|zaysIGl7sJMBY6Nmitte%|bb:7e:9a:60:95:3f|230.191.84.151|1,15,3,6,44,46,47,31,33,121,249,252,43|MSFT 5.0
cwebbk7|zayscagfbn2mitte%|f8:67:84:38:55:ee|23.176.216.161|1,121,3,6,15,119,252|
ldixonk8|zayTy7HE2jETmitte%|75:8a:b0:58:9e:32|233.88.51.135|1,33,3,6,15,28,51,58,59|dhcpcd-5.2.10
dfosterk9|zayDxUMi6ObVECPmitte%|fa:1b:02:24:76:88|214.229.14.62|1,3,6,15,26,28,51,58,59|android-dhcp-6.0
kmorenoka|zayGjGbhyDv8R0rmitte%|83:af:27:00:1f:7f|160.184.197.22|1,15,3,6,44,46,47,31,33,121,249,43|MSFT 5.0
jcarrkb|zay86PFTMp3m0mitte%|34:9c:6d:52:c1:30|191.113.0.19|1,15,3,6,44,46,47,31,33,121,249,252,43|MSFT 5.0
aphillipskc|zayaWqOzf7W9gmitte%|9d:be:5e:39:3b:61|251.30.22.142|1,3,6,15,119,252|
hclarkkd|zayz9VdbBRT2mitte%|ea:c4:09:7c:a1:ba|234.237.110.254|1,3,6,15,119,252|
dcooperke|zayy8lz52ESNnqdmitte%|06:8f:6b:f0:bd:30|74.42.163.223|1,121,3,6,15,119,252|
jfrazierkf|zayeyQurdomitte%|ce:14:81:ee:8a:25|65.53.131.223|1,33,3,6,15,28,51,58,59|dhcpcd-5.5.6
jandersonkg|zaySfzsDYmitte%|af:27:99:b0:b8:32|14.24.51.204|1,33,3,6,15,26,28,51,58,59|dhcpcd-5.5.6
dpeterskh|zayjDCzQBimitte%|ef:99:9f:4e:35:cd|86.7.213.175||
sreedki|zayGU8BlDmitte%|d6:fc:be:3a:8a:5a|19.34.191.12|1,33,3,6,15,28,51,58,59|dhcpcd-5.2.10
hmorenokj|zay12nftoyLKmitte%|33:8d:cc:33:89:45|137.83.49.224|1,15,3,6,44,46,47,31,33,121,249,252,43|MSFT 5.0
lrosekk|zay1M8Or5X9mitte%|5c:e0:ff:d1:69:6c|207.131.136.171|1,15,3,6,44,46,47,31,33,121,249,252,43|MSFT 5.0
egreenekl|zayIxl0w0QImitte%|43:1c:d3:7c:0a:32|71.123.242.90|1,121,3,6,15,119,252|
jduncankm|zayC15dPJ4Wmitte%|37:02:21:7d:50:bf|18.54.175.235|1,121,3,6,15,119,252,95,44,46|
tkingkn|zay01RVuaMTmitte%|d1:d7:85:03:9b:5a|139.236.159.194|1,15,3,6,44,46,47,31,33,121,249,43|MSFT 5.0
ryoungko|zayRvtbncmitte%|96:25:4a:ad:d5:2a|242.4.93.103|1,15,3,6,44,46,47,31,33,121,249,43|MSFT 5.0
ewheelerkp|zay4DqihWQmitte%|66:02:01:f5:e7:fe|25.76.248.135||
achapmankq|zaypwOJh4mitte%|7e:81:cc:57:90:83|161.95.217.85|1,121,3,6,15,119,252|
rwagnerkr|zaypXrHqukytrmitte%|33:fe:8f:62:ec:2e|42.238.48.85|1,3,6,15,119,252|
dallenks|zayQC9ZUZmFmitte%|12:52:d9:2e:7e:03|7.23.146.184|1,121,3,6,15,119,252|
ekellykt|zayBtejql3dQhmmitte%|fb:10:6a:5c:8a:9e|230.159.24.35|1,3,6,15,119,252|
lwatsonku|zayonVjbu5SOysmitte%|74:cc:0d:50:11:30|211.160.227.132||
mpiercekv|zayC8GLO4ugmitte%|17:72:e4:44:73:f7|183.109.159.100|1,15,3,6,44,46,47,31,33,121,249,252,43|MSFT 5.0
laustinkw|zayixy0hrIEuAq5mitte%|30:cf:3a:8b:bd:6e|174.250.144.45||
jbutlerkx|zaygxbW49mitte%|6c:c9:78:dc:59:39|161.212.168.174|1,33,3,6,15,28,51,58,59|dhcpcd-5.5.6
mmurrayky|zayoL3eKeTTtmitte%|40:10:26:10:51:7d|169.182.187.71||
rmurraykz|zayqMY5TSj3Ttmitte%|4f:b3:ad:50:bc:f3|41.31.38.49|1,3,6,15,119,252|
mhawkinsl0|zayQCHSYRQ1Smitte%|a4:4f:59:17:e2:49|127.216.194.164|1,3,6,15,119,252|
pleel1|zay1SCKcsYgTxmitte%|73:fd:d1:87:8e:7e|161.30.36.126|1,33,3,6,15,28,51,58,59|dhcpcd-5.2.10
jrobertsl2|zayVTZk1ICzM5Cmitte%|e9:20:55:a4:71:62|72.199.226.2|1,121,3,6,15,119,252|
epiercel3|zay7iDV23DYk8smitte%|bd:8a:5a:2d:54:10|146.220.247.72|1,33,3,6,15,26,28,51,58,59|dhcpcd-5.5.6
hfieldsl4|zayy7fOjCPbmitte%|b8:29:0f:e1:88:aa|238.106.139.35|1,33,3,6,15,28,51,58,59|dhcpcd-5.5.6
lthomasl5|zayyqk4wqmitte%|b2:8b:41:94:ca:24|125.240.130.222|1,33,3,6,15,28,51,58,59|dhcpcd-5.5.6
amillsl6|zayBXJ9NyyJWCbmitte%|72:51:11:d7:22:05|52.215.216.119||
ckennedyl7|zayRy3G5QFgxFmitte%|c8:6f:cc:39:ed:0a|57.90.107.152|1,33,3,6,15,26,28,51,58,59|dhcpcd-5.5.6
sgeorgel8|zay24N6M0vUsSYXmitte%|32:c8:71:b8:7b:1e|59.98.251.58|1,33,3,6,15,26,28,51,58,59|dhcpcd-5.5.6
sfloresl9|zaydSfoxemitte%|bd:ed:78:da:a8:b0|176.105.194.109|1,33,3,6,15,28,51,58,59|dhcpcd-5.5.6
vcookla|zayeBRVloVmitte%|06:33:2a:2f:7d:8e|139.84.64.6||
skinglb|zayu4tK7MlgGxbAmitte%|79:05:4a:1e:8d:31|245.203.165.198||
jfoxlc|zayVVLqrgWmitte%|bf:e3:b2:9b:e6:e4|235.114.62.29||
sandrewsld|zayL74NeAEymitte%|25:67:91:37:83:33|9.165.23.162|1,121,3,6,15,119,252|
aadamsle|zayoKdfgnwBYBXZmitte%|f5:c5:8c:2b:21:c9|199.198.197.225||
mlewislf|zayMYA3xtz9mitte%|f5:e1:3f:c3:a8:25|166.147.112.87|1,33,3,6,15,28,51,58,59|dhcpcd-5.5.6
bjameslg|zayuBwoHfhRmitte%|5b:66:f3:89:96:6c|87.57.163.42|1,15,3,6,44,46,47,31,33,121,249,43|MSFT 5.0
colsonlh|zayvoOxDumitte%|9f:35:4b:29:07:ce|47.105.52.108|1,121,3,6,15,119,252|
wwrightli|zayAiyF0kdRGb63mitte%|af:a1:9f:e4:cb:8c|194.212.124.192|1,121,3,6,15,119,252|
pgordonlj|zayv9CM0vNTjmitte%|ae:c9:0a:5b:e0:fd|125.255.138.253|1,15,3,6,44,46,47,31,33,121,249,43|MSFT 5.0
bwebblk|zayL1MN1s9Nmitte%|b6:4e:61:e6:34:0b|94.238.129.84|1,33,3,6,15,28,51,58,59|dhcpcd-5.5.6
gyoungll|zayb0kCUQXSAvmitte%|e2:85:e5:3f:8b:92|167.164.154.34|1,121,3,6,15,119,252|
aortizlm|zaygRcZibr4W6mitte%|df:7f:d4:2d:f5:5a|162.236.176.142|1,121,3,6,15,119,252|
saustinln|zayuLraudvwBPAmitte%|0e:98:5c:a0:ba:b9|43.164.122.192|1,3,6,15,119,252|
apattersonlo|zayV0ElcA938Y2mitte%|b2:d9:ae:85:86:00|149.121.172.123|1,3,6,15,31,33,43,44,46,47,121,249,252|MSFT 5.0
mjacksonlp|zayb2rt2Zjok5mitte%|f7:10:8f:cf:ae:3e|230.75.129.15|1,121,3,6,15,119,252,95,44,46|
rtuckerlq|zayYKAKYySrYmitte%|1e:7d:bf:57:b9:89|223.236.124.46|1,15,3,6,44,46,47,31,33,121,249,43|MSFT 5.0
llynchlr|zay496KXOmitte%|6c:39:80:c0:6f:f0|80.111.133.179|1,33,3,6,15,26,28,51,58,59|dhcpcd-5.5.6
aharveyls|zaydD2wshmitte%|49:68:82:ea:99:ed|36.214.161.125|1,33,3,6,15,26,28,51,58,59|dhcpcd-5.5.6
tblacklt|zayxEtylxfzHbsemitte%|dd:70:b4:02:6a:47|197.158.225.96||
bblacklu|zayktB4HBzmitte%|a3:48:64:91:8c:a4|253.212.246.169|1,15,3,6,44,46,47,31,33,121,249,252,43|MSFT 5.0
thowardlv|zaymtWw8T3mitte%|83:10:f6:95:90:6c|39.220.25.235|1,3,6,15,119,252|
briveralw|zaydFLkSef3Sdmitte%|fe:b3:89:af:16:fe|213.3.126.249|1,15,3,6,44,46,47,31,33,121,249,43|MSFT 5.0
mberrylx|zaysjrVDPhmitte%|02:10:a2:dc:95:1f|195.50.202.92|1,3,6,15,119,252|
jwestly|zayU0cQigIMYPRymitte%|c7:e1:c3:55:59:4e|240.72.2.229|1,15,3,6,44,46,47,31,33,121,249,252,43|MSFT 5.0
cbankslz|zay3hmLgNK2vuVvmitte%|00:c9:a2:8e:db:0f|79.157.55.153|1,121,33,3,6,15,28,51,58,59,119|dhcpcd 4.0.15
jburtonm0|zayFERxnjb9YWHimitte%|d4:4b:35:2b:ef:57|89.121.127.62||
rhenrym1|zayeIw6gg4cPYmitte%|8f:63:ad:ac:a4:39|16.120.84.55||
chuntm2|zaysYD3h9S0fmitte%|a2:12:91:bb:d5:06|159.219.119.201|1,3,6,15,119,252|
mshawm3|zayEr3mWxmitte%|d6:c5:3c:80:57:7b|111.209.56.10|1,15,3,6,44,46,47,31,33,121,249,43|MSFT 5.0
nhendersonm4|zayqe3GLrwMSmitte%|b8:15:e1:04:45:fb|211.13.130.137|1,3,6,15,119,252|
dmorrism5|zayzz3ATvjCASePmitte%|58:77:02:57:40:d1|7.61.34.94|1,33,3,6,15,26,28,51,58,59|dhcpcd-5.5.6
kharrism6|zaysdZcyz7xnmitte%|76:ff:a1:fc:eb:04|73.177.55.194|58,59,6,15,51,54,1,3|
bmitchellm7|zay22hMSVYz1eBmitte%|8a:b9:03:2d:9d:3b|196.58.161.184|1,33,3,6,15,28,51,58,59|dhcpcd-5.5.6
scampbellm8|zaybWbjqJUJVJxmitte%|d5:2b:9f:51:6b:ee|216.94.215.3|1,33,3,6,15,28,51,58,59|dhcpcd-5.5.6
jfordm9|zaytHZtKNMcF9Kmitte%|f6:7c:89:be:e5:62|88.73.253.76|1,3,6,15,119,252|
mdavisma|zayuela6amitte%|b4:f6:48:33:f9:9f|24.70.123.64|1,121,3,6,15,119,252|
tramirezmb|zayjj5b7KaCGmitte%|40:12:82:eb:02:2b|95.255.166.234||
astonemc|zayOjMq46mitte%|7d:8e:a7:d3:9c:d3|169.192.149.234|1,33,3,6,15,26,28,51,58,59|dhcpcd-5.5.6
gbowmanmd|zayarsXbE9mitte%|7b:7d:40:82:06:28|2.120.62.154|1,33,3,6,15,28,51,58,59|dhcpcd-5.5.6
kevansme|zaydsSNV9Ttmitte%|60:31:2e:a3:63:2e|210.57.22.94|1,3,6,15,119,252|
astanleymf|zayX9wQF3mitte%|f4:93:d6:25:7a:39|159.173.167.76|1,33,3,6,15,28,51,58,59|dhcpcd-5.5.6
hgutierrezmg|zayIRMArNG6Ggmitte%|28:10:f4:7f:23:ad|188.52.155.120|1,3,6,15,119,252|
wmorganmh|zayR18ZWjzxGn2Pmitte%|ee:61:1c:f3:0f:e4|166.146.98.51||
dcoxmi|zay4LhrP80cmitte%|07:27:2c:fd:b4:50|230.65.139.59|1,3,6,15,31,33,43,44,46,47,121,249,252|MSFT 5.0
dmartinezmj|zay46wd2GxdAXfnmitte%|cc:52:4e:16:0a:7e|64.3.1.228||
slongmk|zayDA1c60tN4mitte%|8a:90:27:49:17:42|30.91.236.251|1,121,3,6,15,119,252|
lmitchellml|zayYTThUonqUNOmitte%|89:0b:16:93:48:43|178.13.209.31|1,33,3,6,15,28,51,58,59|dhcpcd-5.5.6
llanemm|zaym6EBRKcHZlDKmitte%|71:04:c9:db:96:ce|91.218.76.145|1,33,3,6,15,28,51,58,59|dhcpcd-5.5.6
acoxmn|zay4Vgw3AsUumitte%|37:aa:a1:ba:35:23|230.130.114.88|1,33,3,6,15,26,28,51,58,59|dhcpcd-5.5.6
egutierrezmo|zaye4sOqOmitte%|d8:64:dd:63:b3:65|61.224.185.204|1,3,121,6,12,15,28,50,33|udhcp 0.9.7
pleemp|zaymaaD3mgrNP03mitte%|57:3c:e7:8a:5b:5c|18.228.228.213|1,121,3,6,15,119,252|
dsmithmq|zayTjkXaVgOyEmitte%|0d:fd:a9:51:81:79|234.234.202.143|1,33,3,6,15,26,28,51,58,59|dhcpcd-5.5.6
hkellymr|zayzRQ71bUSLmitte%|0f:03:55:2d:f0:78|233.215.67.227|1,121,3,6,15,119,252|
jbradleyms|zayhXn4m6IwRymitte%|fe:bc:a9:d4:39:87|198.144.199.2|1,3,6,15,119,95,252,44,46|
pellismt|zayMxkjDecw1w5mitte%|9c:d5:07:d2:35:ab|131.52.182.74||
jryanmu|zay5Aq1AZPR9lTmitte%|d5:01:1e:5d:e2:6b|103.228.43.57|1,33,3,6,15,26,28,51,58,59|dhcpcd-5.5.6
candersonmv|zayDCVadSmitte%|a4:52:96:0a:ca:ba|140.59.183.197||
ebryantmw|zay5fmYatmitte%|96:73:e4:8b:ac:9f|93.23.116.200|1,15,3,6,44,46,47,31,33,121,249,252,43|MSFT 5.0
mlarsonmx|zayJigp1Bbmitte%|ed:da:d0:97:37:a5|137.45.67.34||
krossmy|zayCNwIbLgQmitte%|9d:53:97:17:35:d8|125.41.254.161||
klarsonmz|zayILdCVkFYtA5kmitte%|c0:f0:4f:05:fe:da|102.120.8.28||
jkennedyn0|zay6wVAXPFvmitte%|71:76:2a:52:b5:b4|71.165.254.168||
lrobertsn1|zaykflCRH4mitte%|54:f3:af:02:5e:2c|203.180.212.37|1,3,6,15,119,252|
rmendozan2|zayuKV9VcO0smitte%|b2:64:e1:62:87:95|193.244.140.222|1,33,3,6,15,28,51,58,59|dhcpcd-5.5.6
dstonen3|zaylwPUjHImitte%|75:fd:23:94:d8:50|91.143.242.74|1,3,6,15,119,252|
jrodriguezn4|zayMIjd99VHV0mitte%|85:ab:ea:b3:53:63|56.116.85.21|58,59,6,15,51,54,1,3|
cstewartn5|zayIFPYL0mitte%|81:41:00:fa:c5:22|68.29.231.233|1,33,3,6,15,28,51,58,59|dhcpcd-5.5.6
jwrightn6|zaylQ90dIRl1mitte%|33:8a:63:64:40:b5|102.139.235.92|1,33,3,6,15,28,51,58,59|dhcpcd-5.5.6
salexandern7|zay6bI8fdCqFmitte%|dc:39:76:72:c8:37|64.86.149.124|1,15,3,6,44,46,47,31,33,121,249,43|MSFT 5.0
bramosn8|zayBoqyxkFmitte%|22:f2:8d:01:e2:df|85.74.99.232|1,33,3,6,15,28,51,58,59|dhcpcd-5.5.6
amasonn9|zaySDC1PZmitte%|4c:ae:b1:d8:da:8a|113.43.142.121|1,3,6,15,31,33,43,44,46,47,121,249,252|MSFT 5.0
aadamsna|zayvG4I7AKmitte%|c6:36:75:ac:ac:ff|225.112.124.173|1,15,3,6,44,46,47,31,33,121,249,43|MSFT 5.0
pbarnesnb|zayb8ctw4KBnAmitte%|19:69:33:59:fe:c8|141.104.200.252|1,33,3,6,15,28,51,58,59|dhcpcd-5.2.10:Linux-2.6.39.4+:armv7l:picasso
awatkinsnc|zayn5AYXcmitte%|97:2e:a7:74:b1:fe|78.252.130.40|1,3,6,15,119,252|
dmontgomerynd|zayP9A2jTF0FRrmmitte%|88:67:87:d3:38:1c|78.200.190.247|1,33,3,6,15,28,51,58,59|dhcpcd-5.5.6
rmedinane|zay1NzDvBZTHtAmitte%|1e:1f:1b:8b:15:1e|193.158.229.1||
jedwardsnf|zayeV4pnIUmitte%|42:22:2f:2a:a1:13|244.243.217.150|1,15,3,6,44,46,47,31,33,121,249,43|MSFT 5.0
llittleng|zayOZEyjvLNmitte%|9a:0a:6a:8d:e5:82|81.175.107.170|1,121,3,6,15,119,252,95,44,46|
ewilsonnh|zayouI9pTy6oeMmitte%|c5:85:5b:63:cf:09|49.181.253.233||
blopezni|zayPjpQHu8yJvGmitte%|6a:5c:9c:6d:f0:62|192.24.11.94|1,121,3,6,15,119,252|
mmurphynj|zaybDhifGIFW43nmitte%|5b:75:8d:a6:be:71|195.7.172.37|1,3,6,15,119,252|
cmorgannk|zaywTxWYrnmitte%|d4:46:88:29:90:3a|107.121.176.250|1,15,3,6,44,46,47,31,33,121,249,252,43,0,216,96,67,112|MSFT 5.0
jadamsnl|zayWtlRXFPq0mitte%|28:ba:87:60:e1:71|160.47.71.91|1,3,6,15,119,95,252,44,46|
adunnnm|zayvpfp1ymitte%|2b:bf:83:8a:61:e9|49.98.94.116||
epiercenn|zayRM9x2fjRuQpmitte%|c6:58:e1:33:1f:01|131.4.135.83|1,33,3,6,15,26,28,51,58,59|dhcpcd-5.5.6
sphillipsno|zayWUUaCbumitte%|03:67:cc:66:f5:c3|88.227.169.130||
jfraziernp|zayYftZOWOc1pzmitte%|01:f9:9a:88:d5:da|211.200.54.165||
wgeorgenq|zayQ0k2CSDmitte%|08:1a:24:c3:55:bd|120.27.220.10||
jhamiltonnr|zayh0Jj95dAB8Umitte%|03:34:5e:ae:ad:ad|235.100.214.126|1,33,3,6,15,28,51,58,59|dhcpcd-5.5.6
mhicksns|zayZAahqWtPHVmitte%|f7:3c:45:c6:f8:f0|6.100.30.204||
jstephensnt|zayyWNmZymitte%|ed:2d:32:2d:86:64|224.215.79.216|1,33,3,6,15,28,51,58,59|dhcpcd-5.5.6
mduncannu|zayU8FYllmitte%|3b:fb:4d:4a:60:0c|59.201.106.107|1,33,3,6,15,28,51,58,59|dhcpcd-6.1.0:Linux-3.10.17:armv7l:sc8830
baustinnv|zayOIVCbR6QVmitte%|3e:31:c0:ad:61:47|254.73.58.226|1,121,3,6,15,119,252|
gbowmannw|zay5EvC5vnNkSKSmitte%|4d:0a:ee:c8:98:d1|85.76.122.236|1,15,3,6,44,46,47,31,33,121,249,43|MSFT 5.0
fellisnx|zaya5bj53kmxv0mitte%|29:19:20:69:e2:6f|71.219.221.180||
rrodriguezny|zaysOGairPGUpmitte%|2a:32:12:61:d7:ce|112.169.170.206|1,33,3,6,15,26,28,51,58,59|dhcpcd-5.5.6
jwestnz|zayJGyXBSmitte%|71:5a:c6:98:1c:b8|134.112.226.129|1,33,3,6,15,28,51,58,59|dhcpcd-5.5.6
hyoungo0|zayVeaKWebErUmitte%|f6:ff:ed:7e:35:82|14.176.3.185|1,33,3,6,15,28,51,58,59|dhcpcd-5.5.6
sleeo1|zayjim52kwW5mitte%|0f:a8:4c:6e:01:07|206.20.147.63|1,66,6,3,15,150,35,151|Cisco Systems, Inc. IP Phone CP-7960G
cbishopo2|zayhrCb0jAuqmitte%|bb:29:fc:59:1d:3e|251.246.61.120|1,3,6,12,15,28,42|udhcp 1.11.2
kgardnero3|zayji19R5F6qmitte%|5a:20:33:74:99:74|10.63.55.153|1,15,3,6,44,46,47,31,33,121,249,43|MSFT 5.0
rwilsono4|zayOjsi5Omitte%|1f:bd:5b:89:c3:90|148.38.125.220|1,121,3,6,15,119,252|
mfranklino5|zayIX3Y0nB1mitte%|59:d1:5f:47:c5:37|142.53.88.193|1,3,6,15,119,252|
jwelcho6|zay3iWqsejTmitte%|6f:b2:25:ea:08:76|57.147.64.46|58,59,6,15,51,54,1,3|
lharrisono7|zayPzzNAs3kUmitte%|5a:80:44:db:44:7c|131.243.236.93|1,121,3,6,15,119,252|
pgilberto8|zayU35tWBmitte%|23:33:d6:f7:36:6c|164.248.234.125|1,33,3,6,15,28,51,58,59|dhcpcd-5.5.6
blawrenceo9|zayr8f34Q5mitte%|ee:79:23:c1:7e:3f|187.94.251.249||
hrileyoa|zay8Zpv9ytR7mitte%|8a:c9:0a:39:2e:d1|194.39.192.255|1,3,6,15,119,252|
cturnerob|zayukei5SBXZBmmitte%|ad:82:6e:b2:f6:02|80.55.98.47|1,33,3,6,15,28,51,58,59|dhcpcd-5.2.10
awrightoc|zayoGdifheu9mitte%|71:de:3f:fe:42:8e|173.185.103.139|1,3,6,15,119,252|
gortizod|zayn3S1gTEkHmitte%|7e:07:17:e6:20:35|214.72.126.212|1,33,3,6,15,26,28,51,58,59|dhcpcd-5.5.6
rallenoe|zayTUJTnKzVr0mitte%|dd:45:db:d0:6e:8a|215.51.224.111|1,33,3,6,15,28,51,58,59|dhcpcd-5.5.6
msanchezof|zay1Nwd5NZmitte%|04:b8:52:a6:69:97|40.209.93.182|1,3,6,15,119,252|
fjamesog|zaycFy5GpF9hmitte%|e2:de:d2:5f:6d:af|247.142.58.223|1,121,3,6,15,119,252|
thenryoh|zay8v0UOAKmitte%|bc:b6:14:40:d7:19|14.196.128.93|1,121,3,6,15,119,252,95,44,46|
gfernandezoi|zayIIeDGfQu4Nmitte%|e4:8f:c7:36:6b:b0|26.2.87.100|1,121,33,3,6,15,28,51,58,59,119|dhcpcd 4.0.15
lwrightoj|zayR5Kg96pQ4mitte%|d3:41:e8:8d:50:44|150.199.158.199|1,15,3,6,44,46,47,31,33,121,249,43|MSFT 5.0
lparkerok|zaybjgGOOs1Rmitte%|a5:e4:6a:2d:0a:67|146.134.135.222|1,15,3,6,44,46,47,31,33,121,249,252,43|MSFT 5.0
adiazol|zayW5X6nsUQQWmitte%|f9:62:84:1f:bb:b0|195.61.102.186||
sknightom|zayJJbAKu1OLmitte%|c7:b3:d5:30:91:f9|48.21.57.124|1,3,6,15,119,252|
padamson|zayOxFZSF1wege1mitte%|d3:38:2f:df:d5:3d|24.53.150.37||
abakeroo|zayEEnXVup3rJmitte%|0f:e2:e9:46:f9:db|54.26.49.240||
cspencerop|zaySZOB4oop7Zmitte%|39:da:f9:b0:fb:6f|247.83.26.160|1,3,6,15,119,252|
cboydoq|zayIUNVJuQRGBnmitte%|f1:c5:6c:9a:76:08|39.107.133.44|1,33,3,6,15,28,51,58,59|dhcpcd-5.5.6
rjacksonor|zay4b44rsmitte%|25:f5:db:5f:2c:47|207.27.97.86|1,3,6,15,119,252|
bmedinaos|zayloZBuqvOnxvmitte%|3f:e6:e3:2c:58:da|76.246.236.23|1,33,3,6,15,28,51,58,59|dhcpcd-5.5.6
jkellyot|zayK90jFJsUa85mitte%|29:5a:49:0c:72:74|39.89.223.58||
pduncanou|zayefO5hSnCFyMamitte%|f6:a0:03:f2:40:bd|89.196.142.174|1,121,3,6,15,119,252|
jbrownov|zayVjhmmIuVmitte%|46:e4:33:01:7c:95|183.156.103.223|1,121,3,6,15,119,252|
cwestow|zayO6PqmiCJomitte%|7e:8b:24:07:9f:7c|114.144.26.198|1,33,3,6,15,28,51,58,59|dhcpcd-5.5.6
jwardox|zayBVBdpPYcqmitte%|1e:df:98:8d:b1:2b|206.173.162.219||
jpetersoy|zayfl3Nu1w3mitte%|30:ea:9a:8a:9f:6f|113.29.103.242|1,3,6,15,119,95,252,44,46|
dporteroz|zay5WwvbPmitte%|52:23:ec:62:c0:33|229.106.9.222|1,33,3,6,15,26,28,51,58,59|dhcpcd-5.5.6
rryanp0|zayqF2bMEQlmitte%|d6:14:2c:58:e5:ec|190.187.83.42|1,15,3,6,44,46,47,31,33,121,249,43|MSFT 5.0
rjenkinsp1|zaydsBKlDLZnnbPmitte%|9b:f3:35:0e:40:66|196.58.128.134|1,33,3,6,15,26,28,51,58,59|dhcpcd-5.5.6
jwilliamsp2|zay4ptx5nmitte%|e8:2c:cb:56:5e:45|171.187.228.224|1,3,6,15,119,252|
hmartinp3|zayuaywiumTmitte%|72:e1:03:95:01:ce|194.116.236.162|1,15,3,6,44,46,47,31,33,121,249,43|MSFT 5.0
vstephensp4|zayTWhSfNftLmitte%|71:37:52:d9:ad:29|15.9.64.48|58,59,6,15,51,54,1,3|
bolsonp5|zayqHHLsX3mitte%|c5:02:60:82:32:f2|36.146.35.200|1,15,3,6,44,46,47,31,33,121,249,252,43|MSFT 5.0
jpaynep6|zayX6SFbemitte%|cd:09:6a:66:b6:cf|182.107.176.74|1,15,3,6,44,46,47,31,33,121,249,43|MSFT 5.0
rrileyp7|zayD2vErIj71qmqmitte%|37:1c:37:cf:11:21|25.36.216.170||
ttorresp8|zayT4MYe7sVN4mitte%|cf:53:28:88:23:3f|132.149.193.6||
pgrahamp9|zay4T2kuSmitte%|06:8f:17:4a:8c:52|164.246.134.146|1,33,3,6,15,26,28,51,58,59|dhcpcd-5.5.6
rrichardspa|zayNT5GwZKmitte%|8a:f1:14:94:d9:ca|145.109.39.230|1,33,3,6,15,28,51,58,59|dhcpcd-5.5.6
jbaileypb|zayITLQ8ciImitte%|c2:77:3f:32:d1:06|52.153.89.200|1,15,3,6,44,46,47,31,33,121,249,43|MSFT 5.0
creidpc|zayVODo9x2ySYFZmitte%|69:52:19:c4:d6:35|4.152.9.42|1,15,3,6,44,46,47,31,33,121,249,252,43|MSFT 5.0
abakerpd|zayTW3LYllmitte%|49:8c:b0:38:37:8e|138.111.37.46|1,33,3,6,15,26,28,51,58,59|dhcpcd-5.5.6
alarsonpe|zaygX6gduCmitte%|24:48:78:34:75:62|85.195.95.214|1,3,6,15,119,252|
dsimmonspf|zayrP3h3Xmitte%|86:0a:98:5b:34:c5|143.251.85.0|1,33,3,6,15,28,51,58,59|dhcpcd-5.5.6
rduncanpg|zayXWthgR1mitte%|13:f6:0b:87:e5:27|124.1.35.194||
ccolemanph|zayldlN73q9mitte%|c0:4a:91:b3:e8:44|147.158.182.169|1,33,3,6,12,15,28,42,51,58,59,119|dhcpcd-5.5.6
smillspi|zayEzqG9NcQ7amitte%|02:23:d8:ab:ca:01|91.233.164.60|1,33,3,6,15,28,51,58,59|dhcpcd-5.5.6
bclarkpj|zaymHg6MPCDTmitte%|18:53:35:90:d5:5b|208.237.86.229|1,15,3,6,44,46,47,31,33,121,249,43|MSFT 5.0
rjonespk|zaykWSKO4Ro4Tmitte%|c2:58:c2:b7:cd:78|186.223.164.30|1,33,3,6,15,26,28,51,58,59|dhcpcd-5.5.6
kcarrpl|zayuYpsDamitte%|88:73:0f:71:ab:fd|7.128.102.26|1,121,3,6,15,119,252|
dnelsonpm|zayU3K2qc7Qmitte%|b1:bc:e4:45:bc:d0|33.176.82.227|1,33,3,6,15,28,51,58,59|dhcpcd-5.5.6
agarciapn|zayFS0bCoz1XTmitte%|2d:c6:14:36:56:19|194.119.85.57||
jalvarezpo|zay4jWaotCDmitte%|81:4c:cb:0a:1b:fd|224.24.107.255|1,15,3,6,44,46,47,31,33,121,249,252,43|MSFT 5.0
mtorrespp|zayWcs9NxLeFmitte%|c7:62:21:36:b1:e2|40.137.241.80|1,121,3,6,15,119,252|
dlongpq|zayDVa364FFzmitte%|0a:ca:7b:ba:dd:7d|182.216.144.71|1,3,6,15,119,252|
gflorespr|zay8jUVBTCgC5mitte%|50:2a:84:03:cf:24|87.159.60.247||
aoliverps|zay8cXMfYBFlmitte%|76:99:e8:43:f5:8c|240.216.161.178|1,121,3,6,15,119,252|
dmurraypt|zayRQNgrbjoVmitte%|93:e6:53:b9:1a:52|84.61.209.186|1,3,6,15,119,252|
mbellpu|zayNCO88Amitte%|58:7e:fe:16:ce:32|201.252.152.98|1,15,3,6,44,46,47,31,33,121,249,252,43|MSFT 5.0
sryanpv|zayUIdvIXmitte%|76:ac:0d:a5:e9:0b|71.6.74.32||
kwashingtonpw|zayevTfst0PZoCmitte%|c2:c8:39:76:dd:ee|14.159.196.73|1,3,6,15,119,252|
eyoungpx|zaycBNHRXVgQoRmitte%|77:6d:dd:f8:a1:11|203.97.33.127|1,121,3,6,15,119,252|
pryanpy|zayJPEDG3JKqVmitte%|2d:d9:91:d3:10:c1|204.121.248.184|1,3,6,15,31,33,43,44,46,47,121,249,252|MSFT 5.0
mcruzpz|zayfghwsh5fJBamitte%|30:d2:66:54:6b:4f|253.163.241.72|1,3,6,15,119,252|
lmarshallq0|zayGaKBSbnhXmitte%|ac:10:36:b6:db:67|148.64.173.166|58,59,6,15,51,54,1,3|
jsimmonsq1|zayuUp0WJ6yMmitte%|38:ff:24:7c:36:78|239.184.83.150|1,121,3,6,15,119,252|
brayq2|zayWOzIscJkjYFmitte%|ae:4b:aa:fe:17:00|137.209.95.81|1,3,6,15,119,252|
wbrownq3|zayXXAJzamitte%|28:b5:0f:b6:48:e7|80.23.101.46||
jcunninghamq4|zayk9WA88Ccmitte%|93:89:01:da:ec:27|242.133.79.102||
rcarrq5|zayMmRVEHLmitte%|36:4f:e6:46:54:e6|55.233.235.18|1,33,3,6,12,15,28,42,51,58,59,119|dhcpcd-5.5.6
gshawq6|zayYhgRPjmitte%|c8:84:22:22:1a:12|21.176.65.246|1,33,3,6,15,28,51,58,59|dhcpcd-5.2.10
hscottq7|zayDyiJTIHefbmitte%|ae:80:23:86:e0:94|184.191.29.36|1,121,3,6,15,119,252|
fwilsonq8|zay4Ps1AaX0zmitte%|78:b3:88:4e:b5:41|47.248.158.58|1,33,3,6,15,28,51,58,59|dhcpcd-5.5.6
jhudsonq9|zayXRjSbuOiWqwkmitte%|ad:32:d3:d8:0f:fa|59.223.68.220|1,33,3,6,15,26,28,51,58,59|dhcpcd-5.5.6
cpetersqa|zaydqUOMYR8UAKpmitte%|01:86:48:e6:e9:f8|178.118.28.12|1,15,3,6,44,46,47,31,33,121,249,252,43|MSFT 5.0
jhartqb|zay5wSjXlB4tnDmitte%|a2:bf:5e:db:90:34|46.248.101.110|1,121,3,6,15,119,252|
sgeorgeqc|zayJVnqoLmitte%|ef:69:46:a8:d4:4e|227.166.211.35|1,121,3,6,15,119,252|
amorrisonqd|zayaRMASPC0mitte%|97:3c:53:4b:f7:6e|111.137.20.232|1,3,6,15,119,252|
trogersqe|zayAxq5QLNGh8mitte%|bc:f4:4e:f2:04:4d|192.240.43.241||
vnicholsqf|zayPKfjjwNmitte%|c2:19:dd:85:ea:5a|105.114.39.66|1,15,3,6,44,46,47,31,33,121,249,43|MSFT 5.0
fwilliamsqg|zayt92T1gUFFnDmitte%|b2:b6:71:7d:a9:c0|73.48.153.136|1,121,3,6,15,119,252|
dbryantqh|zay9YNiXP8Ctmitte%|1b:a5:75:cf:34:c5|126.217.239.35|1,121,3,6,15,119,252|
rdunnqi|zayKSrfVkrmitte%|41:c2:f2:c0:0a:92|234.18.58.114|1,15,3,6,44,46,47,31,33,121,249,43|MSFT 5.0
jmurphyqj|zay9aa8ViH8mitte%|5d:1c:12:08:d8:df|121.107.118.241|1,33,3,6,15,26,28,51,58,59|dhcpcd-5.5.6
schavezqk|zayuP5azFVtRmitte%|f7:4d:61:d3:6f:89|116.8.24.15|1,3,6,15,119,95,252,44,46|
lmorganql|zayZfSc0Hmitte%|7b:cd:00:e4:6f:f0|163.41.249.128||
jchapmanqm|zayY2z6Aez2mitte%|5b:6d:c2:4e:5c:ca|42.192.109.111|1,121,3,6,15,119,252|
mreynoldsqn|zayoElVWljYmitte%|dd:e6:a4:73:e5:8e|197.189.99.186|1,121,3,6,15,119,252|
kmurrayqo|zayIpt5bi7apsmitte%|70:ed:99:4a:0d:51|196.115.8.224|1,121,3,6,15,119,252|
aowensqp|zayRI93NBgKTYLmitte%|c0:0b:e1:bf:dd:92|80.68.36.172|1,121,3,6,15,119,252|
lgutierrezqq|zayj3uS56r0mitte%|9a:19:99:40:1a:1a|99.206.212.222|1,121,3,6,15,119,252|
mcarterqr|zayNRs9AFnzJmitte%|28:a5:34:88:1d:b6|162.173.157.206|1,121,3,6,15,119,252|
jhunterqs|zay8ySS51caTymitte%|3d:93:ec:9d:56:e0|21.84.248.66||
jfrazierqt|zayrvwWPa4mitte%|bb:bf:6e:80:8b:ef|62.210.152.48|1,121,3,6,15,119,252|
bdixonqu|zayprtifRGwtJ09mitte%|0c:69:33:c6:f8:15|223.175.178.54|1,3,6,15,31,33,43,44,46,47,121,249,252|MSFT 5.0
bwagnerqv|zay6NClOA2mitte%|6b:32:30:0d:99:95|120.222.247.245|1,33,3,6,15,26,28,51,58,59|dhcpcd-5.5.6
ppowellqw|zaySGPCmx0Tgimitte%|5e:6d:04:4d:0b:87|67.196.188.14|1,15,3,6,44,46,47,31,33,121,249,43|MSFT 5.0
mbryantqx|zayjp6ZpUjmitte%|72:0f:d0:9f:55:2f|207.139.0.243|1,33,3,6,15,28,51,58,59|dhcpcd-5.5.6
npalmerqy|zaypCw5zXFyEmitte%|9a:ae:da:4d:2a:97|119.111.247.23|1,33,3,6,15,28,51,58,59|dhcpcd-5.5.6
apowellqz|zays8MNJV3Wmitte%|1d:ef:bf:c5:9f:01|155.182.226.119|1,121,3,6,15,119,252|
jrodriguezr0|zayttT4uCT0Nrmitte%|c1:89:39:e2:47:63|74.248.105.211|1,33,3,6,15,28,51,58,59|dhcpcd-5.5.6
jbrooksr1|zay1r8cE2sZOFwmitte%|02:6f:72:2d:6e:67|225.244.239.65|1,121,3,6,15,119,252|
volsonr2|zayvxvavbbZ74mitte%|5b:89:61:16:97:38|100.164.0.26|1,33,3,6,15,26,28,51,58,59|dhcpcd-5.5.6
nfranklinr3|zayqvvxknEPmitte%|53:c8:eb:35:aa:38|57.196.126.40|1,33,3,6,15,26,28,51,58,59|dhcpcd-5.5.6
mdeanr4|zayEbdMi9KtEmitte%|88:93:80:4d:fd:5a|245.159.170.179|1,121,33,3,6,15,28,51,58,59,119|dhcpcd 4.0.15
pwatkinsr5|zay6xYkacRWamzqmitte%|71:df:c9:f5:59:18|96.108.186.62|1,121,3,6,15,119,252|
mcarpenterr6|zaynwVtxHmitte%|94:eb:af:82:6d:da|157.145.121.192|1,33,3,6,15,28,51,58,59|dhcpcd-5.5.6
eweaverr7|zayMcytPQlumitte%|f8:c8:53:d9:3b:f0|3.244.37.242|1,3,6,15,119,252|
jwilsonr8|zaycpuNWHHn1TIsmitte%|f0:07:be:b9:85:ae|239.230.78.220|1,3,6,15,119,252|
cgrahamr9|zay6lsxSJg6mitte%|d6:61:92:9c:7c:b7|136.32.157.2|1,33,3,6,15,28,51,58,59|dhcpcd-5.5.6
bgarzara|zayRxktr54b12hYmitte%|8c:c6:d1:57:90:27|94.177.10.30|1,15,3,6,44,46,47,31,33,121,249,43|MSFT 5.0
wbennettrb|zayq8SzO48comitte%|86:0e:bf:41:f8:d4|183.217.62.70||
tlittlerc|zayQGSf0aiVYPbmitte%|0e:42:f4:50:c7:01|158.2.160.233|1,33,3,6,15,28,51,58,59|dhcpcd-5.2.10
rfranklinrd|zaydAfrzsHqmitte%|f1:36:ac:2d:c8:af|78.57.146.237|1,3,6,15|BlackBerry
cmillsre|zayrfYG0SPmitte%|ae:c8:be:bf:ec:08|87.34.195.85|1,15,3,6,44,46,47,31,33,121,249,43|MSFT 5.0
pjohnsonrf|zayYS9fP6HiV6ymitte%|0e:50:fa:f5:7f:ca|75.202.216.139|1,3,6,15,119,252|
ehayesrg|zayez9HNzO6vIGmitte%|7c:75:44:a6:0a:cc|95.39.183.227|1,33,3,6,15,26,28,51,58,59|dhcpcd-5.5.6
jclarkrh|zayZ4GfR9eMU2lmitte%|e5:06:f6:19:ac:0d|150.79.33.165||
gpetersri|zay5zImmeaMYPwOmitte%|0d:3b:a8:fc:ba:c1|194.251.62.208|1,15,3,6,44,46,47,31,33,121,249,252,43|MSFT 5.0
bbanksrj|zaybH4iaWDfrDemitte%|22:18:d7:9b:8f:ed|124.16.181.121|1,15,3,6,44,46,47,31,33,121,249,43|MSFT 5.0
bcrawfordrk|zaypJlxlOgpXbmitte%|ef:fb:fa:4d:a9:e5|175.133.82.213||
dgreenrl|zayDWIT5yBmitte%|ce:74:8c:bb:07:3a|241.216.124.105|1,33,3,6,15,28,51,58,59|dhcpcd-5.5.6
druizrm|zaydIkRc5mitte%|4a:ca:2b:01:a7:a8|32.35.203.241||
fwebbrn|zaye14q711x4WD2mitte%|2e:05:69:6c:eb:2a|98.147.167.162|1,33,3,6,15,28,51,58,59|dhcpcd-5.2.10:Linux-3.0.16-g25afef7:armv7l:holiday
wwrightro|zayxcqMvsPGAmitte%|cb:c2:73:b6:38:01|123.201.72.70|1,15,3,6,44,46,47,31,33,121,249,252,43|MSFT 5.0
rwebbrp|zayqxBhMSvcmitte%|8c:44:cf:e3:19:96|207.223.27.109|1,3,44,47|
jharperrq|zayfaumu0V6XOGmitte%|e0:53:a1:fa:9f:47|137.120.215.72|1,121,3,6,15,119,252|
wdavisrr|zayX6AVpg34Xy76mitte%|38:3f:c0:51:4f:af|177.147.186.50|1,3,6,15,119,95,252,44,46|
